{
  "name": "node-handlebars-boilerplate",
  "version": "1.0.0",
  "lockfileVersion": 1,
  "requires": true,
  "dependencies": {
    "@types/chai": {
      "version": "4.1.7",
      "resolved": "https://registry.npmjs.org/@types/chai/-/chai-4.1.7.tgz",
      "integrity": "sha512-2Y8uPt0/jwjhQ6EiluT0XCri1Dbplr0ZxfFXUz+ye13gaqE8u5gL5ppao1JrUYr9cIip5S6MvQzBS7Kke7U9VA==",
      "dev": true
    },
    "@types/cookiejar": {
      "version": "2.1.1",
      "resolved": "https://registry.npmjs.org/@types/cookiejar/-/cookiejar-2.1.1.tgz",
      "integrity": "sha512-aRnpPa7ysx3aNW60hTiCtLHlQaIFsXFCgQlpakNgDNVFzbtusSY8PwjAQgRWfSk0ekNoBjO51eQRB6upA9uuyw==",
      "dev": true
    },
    "@types/geojson": {
      "version": "1.0.6",
      "resolved": "https://registry.npmjs.org/@types/geojson/-/geojson-1.0.6.tgz",
      "integrity": "sha512-Xqg/lIZMrUd0VRmSRbCAewtwGZiAk3mEUDvV4op1tGl+LvyPcb/MIOSxTl9z+9+J+R4/vpjiCAT4xeKzH9ji1w=="
    },
    "@types/node": {
      "version": "11.13.4",
      "resolved": "https://registry.npmjs.org/@types/node/-/node-11.13.4.tgz",
      "integrity": "sha512-+rabAZZ3Yn7tF/XPGHupKIL5EcAbrLxnTr/hgQICxbeuAfWtT0UZSfULE+ndusckBItcv4o6ZeOJplQikVcLvQ=="
    },
    "abbrev": {
      "version": "1.1.1",
      "resolved": "https://registry.npmjs.org/abbrev/-/abbrev-1.1.1.tgz",
      "integrity": "sha512-nne9/IiQ/hzIhY6pdDnbBtz7DjPTKrY00P/zvPSm5pOFkl6xuGrGnXn/VtTNNfNtAfZ9/1RtehkszU9qcTii0Q=="
    },

    "@types/superagent": {
      "version": "3.8.7",
      "resolved": "https://registry.npmjs.org/@types/superagent/-/superagent-3.8.7.tgz",
      "integrity": "sha512-9KhCkyXv268A2nZ1Wvu7rQWM+BmdYUVkycFeNnYrUL5Zwu7o8wPQ3wBfW59dDP+wuoxw0ww8YKgTNv8j/cgscA==",
      "dev": true,
      "requires": {
        "@types/cookiejar": "*",
        "@types/node": "*"
      }
    },
    "accepts": {
      "version": "1.3.5",
      "resolved": "https://registry.npmjs.org/accepts/-/accepts-1.3.5.tgz",
      "integrity": "sha1-63d99gEXI6OxTopywIBcjoZ0a9I=",
      "requires": {
        "mime-types": "~2.1.18",
        "negotiator": "0.6.1"
      }
    },
    "ansi-regex": {
      "version": "2.1.1",
      "resolved": "https://registry.npmjs.org/ansi-regex/-/ansi-regex-2.1.1.tgz",
      "integrity": "sha1-w7M6te42DYbg5ijwRorn7yfWVN8="
    },
    "aproba": {
      "version": "1.2.0",
      "resolved": "https://registry.npmjs.org/aproba/-/aproba-1.2.0.tgz",
      "integrity": "sha512-Y9J6ZjXtoYh8RnXVCMOU/ttDmk1aBjunq9vO0ta5x85WDQiQfUF9sIPBITdbiiIVcBo03Hi3jMxigBtsddlXRw=="
    },
    "are-we-there-yet": {
      "version": "1.1.5",
      "resolved": "https://registry.npmjs.org/are-we-there-yet/-/are-we-there-yet-1.1.5.tgz",
      "integrity": "sha512-5hYdAkZlcG8tOLujVDTgCT+uPX0VnpAH28gWsLfzpXYm7wP6mp5Q/gYyR7YQ0cKVJcXJnl3j2kpBan13PtQf6w==",
      "requires": {
        "delegates": "^1.0.0",
        "readable-stream": "^2.0.6"
      },
    "acorn": {
      "version": "5.7.3",
      "resolved": "https://registry.npmjs.org/acorn/-/acorn-5.7.3.tgz",
      "integrity": "sha512-T/zvzYRfbVojPWahDsE5evJdHb3oJoQfFbsrKM7w5Zcs++Tr257tia3BmMP8XYVjp1S9RZXQMh7gao96BlqZOw==",
      "dev": true
    },
    "acorn-jsx": {
      "version": "3.0.1",
      "resolved": "https://registry.npmjs.org/acorn-jsx/-/acorn-jsx-3.0.1.tgz",
      "integrity": "sha1-r9+UiPsezvyDSPb7IvRk4ypYs2s=",
      "dev": true,
      "requires": {
        "acorn": "^3.0.4"
      },
      "dependencies": {
        "acorn": {
          "version": "3.3.0",
          "resolved": "https://registry.npmjs.org/acorn/-/acorn-3.3.0.tgz",
          "integrity": "sha1-ReN/s56No/JbruP/U2niu18iAXo=",
          "dev": true
        }
      }
    },
    "ajv": {
      "version": "5.5.2",
      "resolved": "https://registry.npmjs.org/ajv/-/ajv-5.5.2.tgz",
      "integrity": "sha1-c7Xuyj+rZT49P5Qis0GtQiBdyWU=",
      "dev": true,
      "requires": {
        "co": "^4.6.0",
        "fast-deep-equal": "^1.0.0",
        "fast-json-stable-stringify": "^2.0.0",
        "json-schema-traverse": "^0.3.0"
      }
    },
    "ajv-keywords": {
      "version": "2.1.1",
      "resolved": "https://registry.npmjs.org/ajv-keywords/-/ajv-keywords-2.1.1.tgz",
      "integrity": "sha1-YXmX/F9gV2iUxDX5QNgZ4TW4B2I=",
      "dev": true
    },
    "ansi-escapes": {
      "version": "3.2.0",
      "resolved": "https://registry.npmjs.org/ansi-escapes/-/ansi-escapes-3.2.0.tgz",
      "integrity": "sha512-cBhpre4ma+U0T1oM5fXg7Dy1Jw7zzwv7lt/GoCpr+hDQJoYnKVPLL4dCvSEFMmQurOQvSrwT7SL/DAlhBI97RQ==",
      "dev": true
    },
    "ansi-regex": {
      "version": "2.1.1",
      "resolved": "https://registry.npmjs.org/ansi-regex/-/ansi-regex-2.1.1.tgz",
      "integrity": "sha1-w7M6te42DYbg5ijwRorn7yfWVN8=",
      "dev": true
    },
    "ansi-styles": {
      "version": "2.2.1",
      "resolved": "https://registry.npmjs.org/ansi-styles/-/ansi-styles-2.2.1.tgz",
      "integrity": "sha1-tDLdM1i2NM914eRmQ2gkBTPB3b4=",
      "dev": true
    },
    "argparse": {
      "version": "1.0.10",
      "resolved": "https://registry.npmjs.org/argparse/-/argparse-1.0.10.tgz",
      "integrity": "sha512-o5Roy6tNG4SL/FOkCAN6RzjiakZS25RLYFrcMttJqbdd8BWrnA+fGz57iN5Pb06pvBGvl5gQ0B48dJlslXvoTg==",
      "dev": true,
      "requires": {
        "sprintf-js": "~1.0.2"
      }
    },
    "array-flatten": {
      "version": "1.1.1",
      "resolved": "https://registry.npmjs.org/array-flatten/-/array-flatten-1.1.1.tgz",
      "integrity": "sha1-ml9pkFGx5wczKPKgCJaLZOopVdI="
    },
    "asap": {
      "version": "2.0.6",
      "resolved": "https://registry.npmjs.org/asap/-/asap-2.0.6.tgz",
      "integrity": "sha1-5QNHYR1+aQlDIIu9r+vLwvuGbUY="
    },
    "assertion-error": {
      "version": "1.1.0",
      "resolved": "https://registry.npmjs.org/assertion-error/-/assertion-error-1.1.0.tgz",
      "integrity": "sha512-jgsaNduz+ndvGyFt3uSuWqvy4lCnIJiovtouQN5JZHOKCS2QuhEdbcQHFhVksz2N2U9hXJo8odG7ETyWlEeuDw==",
      "dev": true
    },
    "asynckit": {
      "version": "0.4.0",
      "resolved": "https://registry.npmjs.org/asynckit/-/asynckit-0.4.0.tgz",
      "integrity": "sha1-x57Zf380y48robyXkLzDZkdLS3k=",
      "dev": true
    },
    "babel-code-frame": {
      "version": "6.26.0",
      "resolved": "https://registry.npmjs.org/babel-code-frame/-/babel-code-frame-6.26.0.tgz",
      "integrity": "sha1-Y/1D99weO7fONZR9uP42mj9Yx0s=",
      "dev": true,
      "requires": {
        "chalk": "^1.1.3",
        "esutils": "^2.0.2",
        "js-tokens": "^3.0.2"
      },
      "dependencies": {
        "chalk": {
          "version": "1.1.3",
          "resolved": "https://registry.npmjs.org/chalk/-/chalk-1.1.3.tgz",
          "integrity": "sha1-qBFcVeSnAv5NFQq9OHKCKn4J/Jg=",
          "dev": true,
          "requires": {
            "ansi-styles": "^2.2.1",
            "escape-string-regexp": "^1.0.2",
            "has-ansi": "^2.0.0",
            "strip-ansi": "^3.0.0",
            "supports-color": "^2.0.0"
          }
        },
        "strip-ansi": {
          "version": "3.0.1",
          "resolved": "https://registry.npmjs.org/strip-ansi/-/strip-ansi-3.0.1.tgz",
          "integrity": "sha1-ajhfuIU9lS1f8F0Oiq+UJ43GPc8=",
          "dev": true,
          "requires": {
            "ansi-regex": "^2.0.0"
          }
        }
      }
    },
    "balanced-match": {
      "version": "1.0.0",
      "resolved": "https://registry.npmjs.org/balanced-match/-/balanced-match-1.0.0.tgz",
      "integrity": "sha1-ibTRmasr7kneFk6gK4nORi1xt2c="
    },
    "bcrypt": {
      "version": "3.0.6",
      "resolved": "https://registry.npmjs.org/bcrypt/-/bcrypt-3.0.6.tgz",
      "integrity": "sha512-taA5bCTfXe7FUjKroKky9EXpdhkVvhE5owfxfLYodbrAR1Ul3juLmIQmIQBK4L9a5BuUcE6cqmwT+Da20lF9tg==",
      "requires": {
        "nan": "2.13.2",
        "node-pre-gyp": "0.12.0"
      }
    },
    "bluebird": {
      "version": "3.5.4",
      "resolved": "https://registry.npmjs.org/bluebird/-/bluebird-3.5.4.tgz",
      "integrity": "sha512-FG+nFEZChJrbQ9tIccIfZJBz3J7mLrAhxakAbnrJWn8d7aKOC+LWifa0G+p4ZqKp4y13T7juYvdhq9NzKdsrjw=="
    },
    "body-parser": {
      "version": "1.18.3",
      "resolved": "https://registry.npmjs.org/body-parser/-/body-parser-1.18.3.tgz",
      "integrity": "sha1-WykhmP/dVTs6DyDe0FkrlWlVyLQ=",
      "requires": {
        "bytes": "3.0.0",
        "content-type": "~1.0.4",
        "debug": "2.6.9",
        "depd": "~1.1.2",
        "http-errors": "~1.6.3",
        "iconv-lite": "0.4.23",
        "on-finished": "~2.3.0",
        "qs": "6.5.2",
        "raw-body": "2.3.3",
        "type-is": "~1.6.16"
      }
    },
    "brace-expansion": {
      "version": "1.1.11",
      "resolved": "https://registry.npmjs.org/brace-expansion/-/brace-expansion-1.1.11.tgz",
      "integrity": "sha512-iCuPHDFgrHX7H2vEI/5xpz07zSHB00TpugqhmYtVmMO6518mCuRMoOYFldEBl0g187ufozdaHgWKcYFb61qGiA==",
      "requires": {
        "balanced-match": "^1.0.0",
        "concat-map": "0.0.1"
      }
    },
    "browser-stdout": {
      "version": "1.3.1",
      "resolved": "https://registry.npmjs.org/browser-stdout/-/browser-stdout-1.3.1.tgz",
      "integrity": "sha512-qhAVI1+Av2X7qelOfAIYwXONood6XlZE/fXaBSmW/T5SzLAmCgzi+eiWE7fUvbHaeNBQH13UftjpXxsfLkMpgw==",
      "dev": true
    },
    "buffer-from": {
      "version": "1.1.1",
      "resolved": "https://registry.npmjs.org/buffer-from/-/buffer-from-1.1.1.tgz",
      "integrity": "sha512-MQcXEUbCKtEo7bhqEs6560Hyd4XaovZlO/k9V3hjVUF/zwW7KBVdSK4gIt/bzwS9MbR5qob+F5jusZsb0YQK2A==",
      "dev": true
    },
    "bytes": {
      "version": "3.0.0",
      "resolved": "https://registry.npmjs.org/bytes/-/bytes-3.0.0.tgz",
      "integrity": "sha1-0ygVQE1olpn4Wk6k+odV3ROpYEg="
    },
    "chownr": {
      "version": "1.1.1",
      "resolved": "https://registry.npmjs.org/chownr/-/chownr-1.1.1.tgz",
      "integrity": "sha512-j38EvO5+LHX84jlo6h4UzmOwi0UgW61WRyPtJz4qaadK5eY3BTS5TY/S1Stc3Uk2lIM6TPevAlULiEJwie860g=="
    },
      "caller-path": {
      "version": "0.1.0",
      "resolved": "https://registry.npmjs.org/caller-path/-/caller-path-0.1.0.tgz",
      "integrity": "sha1-lAhe9jWB7NPaqSREqP6U6CV3dR8=",
      "dev": true,
      "requires": {
        "callsites": "^0.2.0"
      }
    },
    "callsites": {
      "version": "0.2.0",
      "resolved": "https://registry.npmjs.org/callsites/-/callsites-0.2.0.tgz",
      "integrity": "sha1-r6uWJikQp/M8GaV3WCXGnzTjUMo=",
      "dev": true
    },
    "chai": {
      "version": "4.2.0",
      "resolved": "https://registry.npmjs.org/chai/-/chai-4.2.0.tgz",
      "integrity": "sha512-XQU3bhBukrOsQCuwZndwGcCVQHyZi53fQ6Ys1Fym7E4olpIqqZZhhoFJoaKVvV17lWQoXYwgWN2nF5crA8J2jw==",
      "dev": true,
      "requires": {
        "assertion-error": "^1.1.0",
        "check-error": "^1.0.2",
        "deep-eql": "^3.0.1",
        "get-func-name": "^2.0.0",
        "pathval": "^1.1.0",
        "type-detect": "^4.0.5"
      }
    },
    "chai-http": {
      "version": "4.2.1",
      "resolved": "https://registry.npmjs.org/chai-http/-/chai-http-4.2.1.tgz",
      "integrity": "sha512-S2Ezy5uSVuOYleeXppfUKtTU/xbHCZyKkwjheNJ/76SGFTUPDpDkkpVdPNgC3sAO1Ap5J5LJ+/rXdLG8EGhCDA==",
      "dev": true,
      "requires": {
        "@types/chai": "4",
        "@types/superagent": "^3.8.3",
        "cookiejar": "^2.1.1",
        "is-ip": "^2.0.0",
        "methods": "^1.1.2",
        "qs": "^6.5.1",
        "superagent": "^3.7.0"
      }
    },
    "chalk": {
      "version": "2.4.2",
      "resolved": "https://registry.npmjs.org/chalk/-/chalk-2.4.2.tgz",
      "integrity": "sha512-Mti+f9lpJNcwF4tWV8/OrTTtF1gZi+f8FqlyAdouralcFWFQWF2+NgCHShjkCb+IFBLq9buZwE1xckQU4peSuQ==",
      "dev": true,
      "requires": {
        "ansi-styles": "^3.2.1",
        "escape-string-regexp": "^1.0.5",
        "supports-color": "^5.3.0"
      },
      "dependencies": {
        "ansi-styles": {
          "version": "3.2.1",
          "resolved": "https://registry.npmjs.org/ansi-styles/-/ansi-styles-3.2.1.tgz",
          "integrity": "sha512-VT0ZI6kZRdTh8YyJw3SMbYm/u+NqfsAxEpWO0Pf9sq8/e94WxxOpPKx9FR1FlyCtOVDNOQ+8ntlqFxiRc+r5qA==",
          "dev": true,
          "requires": {
            "color-convert": "^1.9.0"
          }
        },
        "supports-color": {
          "version": "5.5.0",
          "resolved": "https://registry.npmjs.org/supports-color/-/supports-color-5.5.0.tgz",
          "integrity": "sha512-QjVjwdXIt408MIiAqCX4oUKsgU2EqAGzs2Ppkm4aQYbjm+ZEWEcW4SfFNTr4uMNZma0ey4f5lgLrkB0aX0QMow==",
          "dev": true,
          "requires": {
            "has-flag": "^3.0.0"
          }
        }
      }
    },
    "chardet": {
      "version": "0.4.2",
      "resolved": "https://registry.npmjs.org/chardet/-/chardet-0.4.2.tgz",
      "integrity": "sha1-tUc7M9yXxCTl2Y3IfVXU2KKci/I=",
      "dev": true
    },
    "check-error": {
      "version": "1.0.2",
      "resolved": "https://registry.npmjs.org/check-error/-/check-error-1.0.2.tgz",
      "integrity": "sha1-V00xLt2Iu13YkS6Sht1sCu1KrII=",
      "dev": true
    },
    "circular-json": {
      "version": "0.3.3",
      "resolved": "https://registry.npmjs.org/circular-json/-/circular-json-0.3.3.tgz",
      "integrity": "sha512-UZK3NBx2Mca+b5LsG7bY183pHWt5Y1xts4P3Pz7ENTwGVnJOUWbRb3ocjvX7hx9tq/yTAdclXm9sZ38gNuem4A==",
      "dev": true
    },
    "cli-cursor": {
      "version": "2.1.0",
      "resolved": "https://registry.npmjs.org/cli-cursor/-/cli-cursor-2.1.0.tgz",
      "integrity": "sha1-s12sN2R5+sw+lHR9QdDQ9SOP/LU=",
      "dev": true,
      "requires": {
        "restore-cursor": "^2.0.0"
      }
    },
    "cli-width": {
      "version": "2.2.0",
      "resolved": "https://registry.npmjs.org/cli-width/-/cli-width-2.2.0.tgz",
      "integrity": "sha1-/xnt6Kml5XkyQUewwR8PvLq+1jk=",
      "dev": true
    },
    "cls-bluebird": {
      "version": "2.1.0",
      "resolved": "https://registry.npmjs.org/cls-bluebird/-/cls-bluebird-2.1.0.tgz",
      "integrity": "sha1-N+8eCAqP+1XC9BZPU28ZGeeWiu4=",
      "requires": {
        "is-bluebird": "^1.0.2",
        "shimmer": "^1.1.0"
      }
    },
    "code-point-at": {
      "version": "1.1.0",
      "resolved": "https://registry.npmjs.org/code-point-at/-/code-point-at-1.1.0.tgz",
      "integrity": "sha1-DQcLTQQ6W+ozovGkDi7bPZpMz3c="
    "co": {
      "version": "4.6.0",
      "resolved": "https://registry.npmjs.org/co/-/co-4.6.0.tgz",
      "integrity": "sha1-bqa989hTrlTMuOR7+gvz+QMfsYQ=",
      "dev": true
    },
    "color-convert": {
      "version": "1.9.3",
      "resolved": "https://registry.npmjs.org/color-convert/-/color-convert-1.9.3.tgz",
      "integrity": "sha512-QfAUtd+vFdAtFQcC8CCyYt1fYWxSqAiK2cSD6zDB8N3cpsEBAvRxp9zOGg6G/SHHJYAT88/az/IuDGALsNVbGg==",
      "dev": true,
      "requires": {
        "color-name": "1.1.3"
      }
    },
    "color-name": {
      "version": "1.1.3",
      "resolved": "https://registry.npmjs.org/color-name/-/color-name-1.1.3.tgz",
      "integrity": "sha1-p9BVi9icQveV3UIyj3QIMcpTvCU=",
      "dev": true
    },
    "combined-stream": {
      "version": "1.0.7",
      "resolved": "https://registry.npmjs.org/combined-stream/-/combined-stream-1.0.7.tgz",
      "integrity": "sha512-brWl9y6vOB1xYPZcpZde3N9zDByXTosAeMDo4p1wzo6UMOX4vumB+TP1RZ76sfE6Md68Q0NJSrE/gbezd4Ul+w==",
      "dev": true,
      "requires": {
        "delayed-stream": "~1.0.0"
      }
    },
    "commander": {
      "version": "2.20.0",
      "resolved": "https://registry.npmjs.org/commander/-/commander-2.20.0.tgz",
      "integrity": "sha512-7j2y+40w61zy6YC2iRNpUe/NwhNyoXrYpHMrSunaMG64nRnaf96zO/KMQR4OyN/UnE5KLyEBnKHd4aG3rskjpQ==",
      "optional": true
    },
    "component-emitter": {
      "version": "1.2.1",
      "resolved": "https://registry.npmjs.org/component-emitter/-/component-emitter-1.2.1.tgz",
      "integrity": "sha1-E3kY1teCg/ffemt8WmPhQOaUJeY=",
      "dev": true
    },
    "concat-map": {
      "version": "0.0.1",
      "resolved": "https://registry.npmjs.org/concat-map/-/concat-map-0.0.1.tgz",
      "integrity": "sha1-2Klr13/Wjfd5OnMDajug1UBdR3s="
    },
    "console-control-strings": {
      "version": "1.1.0",
      "resolved": "https://registry.npmjs.org/console-control-strings/-/console-control-strings-1.1.0.tgz",
      "integrity": "sha1-PXz0Rk22RG6mRL9LOVB/mFEAjo4="
    "concat-stream": {
      "version": "1.6.2",
      "resolved": "https://registry.npmjs.org/concat-stream/-/concat-stream-1.6.2.tgz",
      "integrity": "sha512-27HBghJxjiZtIk3Ycvn/4kbJk/1uZuJFfuPEns6LaEvpvG1f0hTea8lilrouyo9mVc2GWdcEZ8OLoGmSADlrCw==",
      "dev": true,
      "requires": {
        "buffer-from": "^1.0.0",
        "inherits": "^2.0.3",
        "readable-stream": "^2.2.2",
        "typedarray": "^0.0.6"
      }
    },
    "content-disposition": {
      "version": "0.5.2",
      "resolved": "https://registry.npmjs.org/content-disposition/-/content-disposition-0.5.2.tgz",
      "integrity": "sha1-DPaLud318r55YcOoUXjLhdunjLQ="
    },
    "content-type": {
      "version": "1.0.4",
      "resolved": "https://registry.npmjs.org/content-type/-/content-type-1.0.4.tgz",
      "integrity": "sha512-hIP3EEPs8tB9AT1L+NUqtwOAps4mk2Zob89MWXMHjHWg9milF/j4osnnQLXBCBFBk/tvIG/tUc9mOUJiPBhPXA=="
    },
    "cookie": {
      "version": "0.3.1",
      "resolved": "https://registry.npmjs.org/cookie/-/cookie-0.3.1.tgz",
      "integrity": "sha1-5+Ch+e9DtMi6klxcWpboBtFoc7s="
    },
    "cookie-signature": {
      "version": "1.0.6",
      "resolved": "https://registry.npmjs.org/cookie-signature/-/cookie-signature-1.0.6.tgz",
      "integrity": "sha1-4wOogrNCzD7oylE6eZmXNNqzriw="
    },
    "core-util-is": {
      "version": "1.0.2",
      "resolved": "https://registry.npmjs.org/core-util-is/-/core-util-is-1.0.2.tgz",
      "integrity": "sha1-tf1UIgqivFq1eqtxQMlAdUUDwac="
    "cookiejar": {
      "version": "2.1.2",
      "resolved": "https://registry.npmjs.org/cookiejar/-/cookiejar-2.1.2.tgz",
      "integrity": "sha512-Mw+adcfzPxcPeI+0WlvRrr/3lGVO0bD75SxX6811cxSh1Wbxx7xZBGK1eVtDf6si8rg2lhnUjsVLMFMfbRIuwA==",
      "dev": true
    },
    "core-util-is": {
      "version": "1.0.2",
      "resolved": "https://registry.npmjs.org/core-util-is/-/core-util-is-1.0.2.tgz",
      "integrity": "sha1-tf1UIgqivFq1eqtxQMlAdUUDwac=",
      "dev": true
    },
    "cross-env": {
      "version": "5.2.0",
      "resolved": "https://registry.npmjs.org/cross-env/-/cross-env-5.2.0.tgz",
      "integrity": "sha512-jtdNFfFW1hB7sMhr/H6rW1Z45LFqyI431m3qU6bFXcQ3Eh7LtBuG3h74o7ohHZ3crrRkkqHlo4jYHFPcjroANg==",
      "dev": true,
      "requires": {
        "cross-spawn": "^6.0.5",
        "is-windows": "^1.0.0"
      }
    },
    "cross-spawn": {
      "version": "6.0.5",
      "resolved": "https://registry.npmjs.org/cross-spawn/-/cross-spawn-6.0.5.tgz",
      "integrity": "sha512-eTVLrBSt7fjbDygz805pMnstIs2VTBNkRm0qxZd+M7A5XDdxVRWO5MxGBXZhjY4cqLYLdtrGqRf8mBPmzwSpWQ==",
      "dev": true,
      "requires": {
        "nice-try": "^1.0.4",
        "path-key": "^2.0.1",
        "semver": "^5.5.0",
        "shebang-command": "^1.2.0",
        "which": "^1.2.9"
      }
    },
    "debug": {
      "version": "2.6.9",
      "resolved": "https://registry.npmjs.org/debug/-/debug-2.6.9.tgz",
      "integrity": "sha512-bC7ElrdJaJnPbAP+1EotYvqZsb3ecl5wi6Bfi6BJTUcNowp6cvspg0jXznRTKDjm/E7AdgFBVeAPVMNcKGsHMA==",
      "requires": {
        "ms": "2.0.0"
      }
    },
    "deep-extend": {
      "version": "0.6.0",
      "resolved": "https://registry.npmjs.org/deep-extend/-/deep-extend-0.6.0.tgz",
      "integrity": "sha512-LOHxIOaPYdHlJRtCQfDIVZtfw/ufM8+rVj649RIHzcm/vGwQRXFt6OPqIFWsm2XEMrNIEtWR64sY1LEKD2vAOA=="
    },
    "delegates": {
      "version": "1.0.0",
      "resolved": "https://registry.npmjs.org/delegates/-/delegates-1.0.0.tgz",
      "integrity": "sha1-hMbhWbgZBP3KWaDvRM2HDTElD5o="
    "deep-eql": {
      "version": "3.0.1",
      "resolved": "https://registry.npmjs.org/deep-eql/-/deep-eql-3.0.1.tgz",
      "integrity": "sha512-+QeIQyN5ZuO+3Uk5DYh6/1eKO0m0YmJFGNmFHGACpf1ClL1nmlV/p4gNgbl2pJGxgXb4faqo6UE+M5ACEMyVcw==",
      "dev": true,
      "requires": {
        "type-detect": "^4.0.0"
      }
    },
    "deep-is": {
      "version": "0.1.3",
      "resolved": "https://registry.npmjs.org/deep-is/-/deep-is-0.1.3.tgz",
      "integrity": "sha1-s2nW+128E+7PUk+RsHD+7cNXzzQ=",
      "dev": true
    },
    "define-properties": {
      "version": "1.1.3",
      "resolved": "https://registry.npmjs.org/define-properties/-/define-properties-1.1.3.tgz",
      "integrity": "sha512-3MqfYKj2lLzdMSf8ZIZE/V+Zuy+BgD6f164e8K2w7dgnpKArBDerGYpM46IYYcjnkdPNMjPk9A6VFB8+3SKlXQ==",
      "requires": {
        "object-keys": "^1.0.12"
      }
    },
    "delayed-stream": {
      "version": "1.0.0",
      "resolved": "https://registry.npmjs.org/delayed-stream/-/delayed-stream-1.0.0.tgz",
      "integrity": "sha1-3zrhmayt+31ECqrgsp4icrJOxhk=",
      "dev": true
    },
    "denque": {
      "version": "1.4.1",
      "resolved": "https://registry.npmjs.org/denque/-/denque-1.4.1.tgz",
      "integrity": "sha512-OfzPuSZKGcgr96rf1oODnfjqBFmr1DVoc/TrItj3Ohe0Ah1C5WX5Baquw/9U9KovnQ88EqmJbD66rKYUQYN1tQ=="
    },
    "depd": {
      "version": "1.1.2",
      "resolved": "https://registry.npmjs.org/depd/-/depd-1.1.2.tgz",
      "integrity": "sha1-m81S4UwJd2PnSbJ0xDRu0uVgtak="
    },
    "destroy": {
      "version": "1.0.4",
      "resolved": "https://registry.npmjs.org/destroy/-/destroy-1.0.4.tgz",
      "integrity": "sha1-l4hXRCxEdJ5CBmE+N5RiBYJqvYA="
    },
    "detect-libc": {
      "version": "1.0.3",
      "resolved": "https://registry.npmjs.org/detect-libc/-/detect-libc-1.0.3.tgz",
      "integrity": "sha1-+hN8S9aY7fVc1c0CrFWfkaTEups="
    "diff": {
      "version": "3.5.0",
      "resolved": "https://registry.npmjs.org/diff/-/diff-3.5.0.tgz",
      "integrity": "sha512-A46qtFgd+g7pDZinpnwiRJtxbC1hpgf0uzP3iG89scHk0AUC7A1TGxf5OiiOUv/JMZR8GOt8hL900hV0bOy5xA==",
      "dev": true
    },
    "doctrine": {
      "version": "2.1.0",
      "resolved": "https://registry.npmjs.org/doctrine/-/doctrine-2.1.0.tgz",
      "integrity": "sha512-35mSku4ZXK0vfCuHEDAwt55dg2jNajHZ1odvF+8SSr82EsZY4QmXfuWso8oEd8zRhVObSN18aM0CjSdoBX7zIw==",
      "dev": true,
      "requires": {
        "esutils": "^2.0.2"
      }
    },
    "dotenv": {
      "version": "6.2.0",
      "resolved": "https://registry.npmjs.org/dotenv/-/dotenv-6.2.0.tgz",
      "integrity": "sha512-HygQCKUBSFl8wKQZBSemMywRWcEDNidvNbjGVyZu3nbZ8qq9ubiPoGLMdRDpfSrpkkm9BXYFkpKxxFX38o/76w=="
    },
    "dottie": {
      "version": "2.0.1",
      "resolved": "https://registry.npmjs.org/dottie/-/dottie-2.0.1.tgz",
      "integrity": "sha512-ch5OQgvGDK2u8pSZeSYAQaV/lczImd7pMJ7BcEPXmnFVjy4yJIzP6CsODJUTH8mg1tyH1Z2abOiuJO3DjZ/GBw=="
    },
    "ee-first": {
      "version": "1.1.1",
      "resolved": "https://registry.npmjs.org/ee-first/-/ee-first-1.1.1.tgz",
      "integrity": "sha1-WQxhFWsK4vTwJVcyoViyZrxWsh0="
    },
    "encodeurl": {
      "version": "1.0.2",
      "resolved": "https://registry.npmjs.org/encodeurl/-/encodeurl-1.0.2.tgz",
      "integrity": "sha1-rT/0yG7C0CkyL1oCw6mmBslbP1k="
    },
    "escape-html": {
      "version": "1.0.3",
      "resolved": "https://registry.npmjs.org/escape-html/-/escape-html-1.0.3.tgz",
      "integrity": "sha1-Aljq5NPQwJdN4cFpGI7wBR0dGYg="
    },
    "escape-string-regexp": {
      "version": "1.0.5",
      "resolved": "https://registry.npmjs.org/escape-string-regexp/-/escape-string-regexp-1.0.5.tgz",
      "integrity": "sha1-G2HAViGQqN/2rjuyzwIAyhMLhtQ=",
      "dev": true
    },
    "eslint": {
      "version": "4.19.1",
      "resolved": "https://registry.npmjs.org/eslint/-/eslint-4.19.1.tgz",
      "integrity": "sha512-bT3/1x1EbZB7phzYu7vCr1v3ONuzDtX8WjuM9c0iYxe+cq+pwcKEoQjl7zd3RpC6YOLgnSy3cTN58M2jcoPDIQ==",
      "dev": true,
      "requires": {
        "ajv": "^5.3.0",
        "babel-code-frame": "^6.22.0",
        "chalk": "^2.1.0",
        "concat-stream": "^1.6.0",
        "cross-spawn": "^5.1.0",
        "debug": "^3.1.0",
        "doctrine": "^2.1.0",
        "eslint-scope": "^3.7.1",
        "eslint-visitor-keys": "^1.0.0",
        "espree": "^3.5.4",
        "esquery": "^1.0.0",
        "esutils": "^2.0.2",
        "file-entry-cache": "^2.0.0",
        "functional-red-black-tree": "^1.0.1",
        "glob": "^7.1.2",
        "globals": "^11.0.1",
        "ignore": "^3.3.3",
        "imurmurhash": "^0.1.4",
        "inquirer": "^3.0.6",
        "is-resolvable": "^1.0.0",
        "js-yaml": "^3.9.1",
        "json-stable-stringify-without-jsonify": "^1.0.1",
        "levn": "^0.3.0",
        "lodash": "^4.17.4",
        "minimatch": "^3.0.2",
        "mkdirp": "^0.5.1",
        "natural-compare": "^1.4.0",
        "optionator": "^0.8.2",
        "path-is-inside": "^1.0.2",
        "pluralize": "^7.0.0",
        "progress": "^2.0.0",
        "regexpp": "^1.0.1",
        "require-uncached": "^1.0.3",
        "semver": "^5.3.0",
        "strip-ansi": "^4.0.0",
        "strip-json-comments": "~2.0.1",
        "table": "4.0.2",
        "text-table": "~0.2.0"
      },
      "dependencies": {
        "cross-spawn": {
          "version": "5.1.0",
          "resolved": "https://registry.npmjs.org/cross-spawn/-/cross-spawn-5.1.0.tgz",
          "integrity": "sha1-6L0O/uWPz/b4+UUQoKVUu/ojVEk=",
          "dev": true,
          "requires": {
            "lru-cache": "^4.0.1",
            "shebang-command": "^1.2.0",
            "which": "^1.2.9"
          }
        },
        "debug": {
          "version": "3.2.6",
          "resolved": "https://registry.npmjs.org/debug/-/debug-3.2.6.tgz",
          "integrity": "sha512-mel+jf7nrtEl5Pn1Qx46zARXKDpBbvzezse7p7LqINmdoIk8PYP5SySaxEmYv6TZ0JyEKA1hsCId6DIhgITtWQ==",
          "dev": true,
          "requires": {
            "ms": "^2.1.1"
          }
        },
        "ms": {
          "version": "2.1.1",
          "resolved": "https://registry.npmjs.org/ms/-/ms-2.1.1.tgz",
          "integrity": "sha512-tgp+dl5cGk28utYktBsrFqA7HKgrhgPsg6Z/EfhWI4gl1Hwq8B/GmY/0oXZ6nF8hDVesS/FpnYaD/kOWhYQvyg==",
          "dev": true
        }
      }
    },
    "eslint-config-prettier": {
      "version": "2.10.0",
      "resolved": "https://registry.npmjs.org/eslint-config-prettier/-/eslint-config-prettier-2.10.0.tgz",
      "integrity": "sha512-Mhl90VLucfBuhmcWBgbUNtgBiK955iCDK1+aHAz7QfDQF6wuzWZ6JjihZ3ejJoGlJWIuko7xLqNm8BA5uenKhA==",
      "dev": true,
      "requires": {
        "get-stdin": "^5.0.1"
      }
    },
    "eslint-plugin-prettier": {
      "version": "2.7.0",
      "resolved": "https://registry.npmjs.org/eslint-plugin-prettier/-/eslint-plugin-prettier-2.7.0.tgz",
      "integrity": "sha512-CStQYJgALoQBw3FsBzH0VOVDRnJ/ZimUlpLm226U8qgqYJfPOY/CPK6wyRInMxh73HSKg5wyRwdS4BVYYHwokA==",
      "dev": true,
      "requires": {
        "fast-diff": "^1.1.1",
        "jest-docblock": "^21.0.0"
      }
    },
    "eslint-scope": {
      "version": "3.7.3",
      "resolved": "https://registry.npmjs.org/eslint-scope/-/eslint-scope-3.7.3.tgz",
      "integrity": "sha512-W+B0SvF4gamyCTmUc+uITPY0989iXVfKvhwtmJocTaYoc/3khEHmEmvfY/Gn9HA9VV75jrQECsHizkNw1b68FA==",
      "dev": true,
      "requires": {
        "esrecurse": "^4.1.0",
        "estraverse": "^4.1.1"
      }
    },
    "eslint-visitor-keys": {
      "version": "1.0.0",
      "resolved": "https://registry.npmjs.org/eslint-visitor-keys/-/eslint-visitor-keys-1.0.0.tgz",
      "integrity": "sha512-qzm/XxIbxm/FHyH341ZrbnMUpe+5Bocte9xkmFMzPMjRaZMcXww+MpBptFvtU+79L362nqiLhekCxCxDPaUMBQ==",
      "dev": true
    },
    "espree": {
      "version": "3.5.4",
      "resolved": "https://registry.npmjs.org/espree/-/espree-3.5.4.tgz",
      "integrity": "sha512-yAcIQxtmMiB/jL32dzEp2enBeidsB7xWPLNiw3IIkpVds1P+h7qF9YwJq1yUNzp2OKXgAprs4F61ih66UsoD1A==",
      "dev": true,
      "requires": {
        "acorn": "^5.5.0",
        "acorn-jsx": "^3.0.0"
      }
    },
    "esprima": {
      "version": "4.0.1",
      "resolved": "https://registry.npmjs.org/esprima/-/esprima-4.0.1.tgz",
      "integrity": "sha512-eGuFFw7Upda+g4p+QHvnW0RyTX/SVeJBDM/gCtMARO0cLuT2HcEKnTPvhjV6aGeqrCB/sbNop0Kszm0jsaWU4A==",
      "dev": true
    },
    "esquery": {
      "version": "1.0.1",
      "resolved": "https://registry.npmjs.org/esquery/-/esquery-1.0.1.tgz",
      "integrity": "sha512-SmiyZ5zIWH9VM+SRUReLS5Q8a7GxtRdxEBVZpm98rJM7Sb+A9DVCndXfkeFUd3byderg+EbDkfnevfCwynWaNA==",
      "dev": true,
      "requires": {
        "estraverse": "^4.0.0"
      }
    },
    "esrecurse": {
      "version": "4.2.1",
      "resolved": "https://registry.npmjs.org/esrecurse/-/esrecurse-4.2.1.tgz",
      "integrity": "sha512-64RBB++fIOAXPw3P9cy89qfMlvZEXZkqqJkjqqXIvzP5ezRZjW+lPWjw35UX/3EhUPFYbg5ER4JYgDw4007/DQ==",
      "dev": true,
      "requires": {
        "estraverse": "^4.1.0"
      }
    },
    "estraverse": {
      "version": "4.2.0",
      "resolved": "https://registry.npmjs.org/estraverse/-/estraverse-4.2.0.tgz",
      "integrity": "sha1-De4/7TH81GlhjOc0IJn8GvoL2xM=",
      "dev": true
    },
    "esutils": {
      "version": "2.0.2",
      "resolved": "https://registry.npmjs.org/esutils/-/esutils-2.0.2.tgz",
      "integrity": "sha1-Cr9PHKpbyx96nYrMbepPqqBLrJs=",
      "dev": true
    },
    "etag": {
      "version": "1.8.1",
      "resolved": "https://registry.npmjs.org/etag/-/etag-1.8.1.tgz",
      "integrity": "sha1-Qa4u62XvpiJorr/qg6x9eSmbCIc="
    },
    "express": {
      "version": "4.16.4",
      "resolved": "https://registry.npmjs.org/express/-/express-4.16.4.tgz",
      "integrity": "sha512-j12Uuyb4FMrd/qQAm6uCHAkPtO8FDTRJZBDd5D2KOL2eLaz1yUNdUB/NOIyq0iU4q4cFarsUCrnFDPBcnksuOg==",
      "requires": {
        "accepts": "~1.3.5",
        "array-flatten": "1.1.1",
        "body-parser": "1.18.3",
        "content-disposition": "0.5.2",
        "content-type": "~1.0.4",
        "cookie": "0.3.1",
        "cookie-signature": "1.0.6",
        "debug": "2.6.9",
        "depd": "~1.1.2",
        "encodeurl": "~1.0.2",
        "escape-html": "~1.0.3",
        "etag": "~1.8.1",
        "finalhandler": "1.1.1",
        "fresh": "0.5.2",
        "merge-descriptors": "1.0.1",
        "methods": "~1.1.2",
        "on-finished": "~2.3.0",
        "parseurl": "~1.3.2",
        "path-to-regexp": "0.1.7",
        "proxy-addr": "~2.0.4",
        "qs": "6.5.2",
        "range-parser": "~1.2.0",
        "safe-buffer": "5.1.2",
        "send": "0.16.2",
        "serve-static": "1.13.2",
        "setprototypeof": "1.1.0",
        "statuses": "~1.4.0",
        "type-is": "~1.6.16",
        "utils-merge": "1.0.1",
        "vary": "~1.1.2"
      }
    },
    "express-handlebars": {
      "version": "3.0.2",
      "resolved": "https://registry.npmjs.org/express-handlebars/-/express-handlebars-3.0.2.tgz",
      "integrity": "sha512-rPaSqR8xPnSqfvWvI8Mhtn7nifaMmySq6yhWkjH07Ks/nuDaRngJyf7eDN2I7PBkNVdZHf0Bz+1rY1yrZFdx8g==",
      "requires": {
        "glob": "^7.1.3",
        "graceful-fs": "^4.1.2",
        "handlebars": "^4.0.13",
        "object.assign": "^4.1.0",
        "promise": "^8.0.2"
      }
    },
    "extend": {
      "version": "3.0.2",
      "resolved": "https://registry.npmjs.org/extend/-/extend-3.0.2.tgz",
      "integrity": "sha512-fjquC59cD7CyW6urNXK0FBufkZcoiGG80wTuPujX590cB5Ttln20E2UB4S/WARVqhXffZl2LNgS+gQdPIIim/g==",
      "dev": true
    },
    "external-editor": {
      "version": "2.2.0",
      "resolved": "https://registry.npmjs.org/external-editor/-/external-editor-2.2.0.tgz",
      "integrity": "sha512-bSn6gvGxKt+b7+6TKEv1ZycHleA7aHhRHyAqJyp5pbUFuYYNIzpZnQDk7AsYckyWdEnTeAnay0aCy2aV6iTk9A==",
      "dev": true,
      "requires": {
        "chardet": "^0.4.0",
        "iconv-lite": "^0.4.17",
        "tmp": "^0.0.33"
      }
    },
    "fast-deep-equal": {
      "version": "1.1.0",
      "resolved": "https://registry.npmjs.org/fast-deep-equal/-/fast-deep-equal-1.1.0.tgz",
      "integrity": "sha1-wFNHeBfIa1HaqFPIHgWbcz0CNhQ=",
      "dev": true
    },
    "fast-diff": {
      "version": "1.2.0",
      "resolved": "https://registry.npmjs.org/fast-diff/-/fast-diff-1.2.0.tgz",
      "integrity": "sha512-xJuoT5+L99XlZ8twedaRf6Ax2TgQVxvgZOYoPKqZufmJib0tL2tegPBOZb1pVNgIhlqDlA0eO0c3wBvQcmzx4w==",
      "dev": true
    },
    "fast-json-stable-stringify": {
      "version": "2.0.0",
      "resolved": "https://registry.npmjs.org/fast-json-stable-stringify/-/fast-json-stable-stringify-2.0.0.tgz",
      "integrity": "sha1-1RQsDK7msRifh9OnYREGT4bIu/I=",
      "dev": true
    },
    "fast-levenshtein": {
      "version": "2.0.6",
      "resolved": "https://registry.npmjs.org/fast-levenshtein/-/fast-levenshtein-2.0.6.tgz",
      "integrity": "sha1-PYpcZog6FqMMqGQ+hR8Zuqd5eRc=",
      "dev": true
    },
    "figures": {
      "version": "2.0.0",
      "resolved": "https://registry.npmjs.org/figures/-/figures-2.0.0.tgz",
      "integrity": "sha1-OrGi0qYsi/tDGgyUy3l6L84nyWI=",
      "dev": true,
      "requires": {
        "escape-string-regexp": "^1.0.5"
      }
    },
    "file-entry-cache": {
      "version": "2.0.0",
      "resolved": "https://registry.npmjs.org/file-entry-cache/-/file-entry-cache-2.0.0.tgz",
      "integrity": "sha1-w5KZDD5oR4PYOLjISkXYoEhFg2E=",
      "dev": true,
      "requires": {
        "flat-cache": "^1.2.1",
        "object-assign": "^4.0.1"
      }
    },
    "finalhandler": {
      "version": "1.1.1",
      "resolved": "https://registry.npmjs.org/finalhandler/-/finalhandler-1.1.1.tgz",
      "integrity": "sha512-Y1GUDo39ez4aHAw7MysnUD5JzYX+WaIj8I57kO3aEPT1fFRL4sr7mjei97FgnwhAyyzRYmQZaTHb2+9uZ1dPtg==",
      "requires": {
        "debug": "2.6.9",
        "encodeurl": "~1.0.2",
        "escape-html": "~1.0.3",
        "on-finished": "~2.3.0",
        "parseurl": "~1.3.2",
        "statuses": "~1.4.0",
        "unpipe": "~1.0.0"
      }
    },
    "flat-cache": {
      "version": "1.3.4",
      "resolved": "https://registry.npmjs.org/flat-cache/-/flat-cache-1.3.4.tgz",
      "integrity": "sha512-VwyB3Lkgacfik2vhqR4uv2rvebqmDvFu4jlN/C1RzWoJEo8I7z4Q404oiqYCkq41mni8EzQnm95emU9seckwtg==",
      "dev": true,
      "requires": {
        "circular-json": "^0.3.1",
        "graceful-fs": "^4.1.2",
        "rimraf": "~2.6.2",
        "write": "^0.2.1"
      }
    },
    "form-data": {
      "version": "2.3.3",
      "resolved": "https://registry.npmjs.org/form-data/-/form-data-2.3.3.tgz",
      "integrity": "sha512-1lLKB2Mu3aGP1Q/2eCOx0fNbRMe7XdwktwOruhfqqd0rIJWwN4Dh+E3hrPSlDCXnSR7UtZ1N38rVXm+6+MEhJQ==",
      "dev": true,
      "requires": {
        "asynckit": "^0.4.0",
        "combined-stream": "^1.0.6",
        "mime-types": "^2.1.12"
      }
    },
    "formidable": {
      "version": "1.2.1",
      "resolved": "https://registry.npmjs.org/formidable/-/formidable-1.2.1.tgz",
      "integrity": "sha512-Fs9VRguL0gqGHkXS5GQiMCr1VhZBxz0JnJs4JmMp/2jL18Fmbzvv7vOFRU+U8TBkHEE/CX1qDXzJplVULgsLeg==",
      "dev": true
    },
    "forwarded": {
      "version": "0.1.2",
      "resolved": "https://registry.npmjs.org/forwarded/-/forwarded-0.1.2.tgz",
      "integrity": "sha1-mMI9qxF1ZXuMBXPozszZGw/xjIQ="
    },
    "fresh": {
      "version": "0.5.2",
      "resolved": "https://registry.npmjs.org/fresh/-/fresh-0.5.2.tgz",
      "integrity": "sha1-PYyt2Q2XZWn6g1qx+OSyOhBWBac="
    },
    "fs-minipass": {
      "version": "1.2.5",
      "resolved": "https://registry.npmjs.org/fs-minipass/-/fs-minipass-1.2.5.tgz",
      "integrity": "sha512-JhBl0skXjUPCFH7x6x61gQxrKyXsxB5gcgePLZCwfyCGGsTISMoIeObbrvVeP6Xmyaudw4TT43qV2Gz+iyd2oQ==",
      "requires": {
        "minipass": "^2.2.1"
      }
    },
    "fs.realpath": {
      "version": "1.0.0",
      "resolved": "https://registry.npmjs.org/fs.realpath/-/fs.realpath-1.0.0.tgz",
      "integrity": "sha1-FQStJSMVjKpA20onh8sBQRmU6k8="
    },
    "gauge": {
      "version": "2.7.4",
      "resolved": "https://registry.npmjs.org/gauge/-/gauge-2.7.4.tgz",
      "integrity": "sha1-LANAXHU4w51+s3sxcCLjJfsBi/c=",
      "requires": {
        "aproba": "^1.0.3",
        "console-control-strings": "^1.0.0",
        "has-unicode": "^2.0.0",
        "object-assign": "^4.1.0",
        "signal-exit": "^3.0.0",
        "string-width": "^1.0.1",
        "strip-ansi": "^3.0.1",
        "wide-align": "^1.1.0"
      },
    "function-bind": {
      "version": "1.1.1",
      "resolved": "https://registry.npmjs.org/function-bind/-/function-bind-1.1.1.tgz",
      "integrity": "sha512-yIovAzMX49sF8Yl58fSCWJ5svSLuaibPxXQJFLmBObTuCr0Mf1KiPopGM9NiFjiYBCbfaa2Fh6breQ6ANVTI0A=="
    },
    "functional-red-black-tree": {
      "version": "1.0.1",
      "resolved": "https://registry.npmjs.org/functional-red-black-tree/-/functional-red-black-tree-1.0.1.tgz",
      "integrity": "sha1-GwqzvVU7Kg1jmdKcDj6gslIHgyc=",
      "dev": true
    },
    "generate-function": {
      "version": "2.3.1",
      "resolved": "https://registry.npmjs.org/generate-function/-/generate-function-2.3.1.tgz",
      "integrity": "sha512-eeB5GfMNeevm/GRYq20ShmsaGcmI81kIX2K9XQx5miC8KdHaC6Jm0qQ8ZNeGOi7wYB8OsdxKs+Y2oVuTFuVwKQ==",
      "requires": {
        "is-property": "^1.0.2"
      }
    },
    "generic-pool": {
      "version": "3.5.0",
      "resolved": "https://registry.npmjs.org/generic-pool/-/generic-pool-3.5.0.tgz",
      "integrity": "sha512-dEkxmX+egB2o4NR80c/q+xzLLzLX+k68/K8xv81XprD+Sk7ZtP14VugeCz+fUwv5FzpWq40pPtAkzPRqT8ka9w=="
    },
    "get-func-name": {
      "version": "2.0.0",
      "resolved": "https://registry.npmjs.org/get-func-name/-/get-func-name-2.0.0.tgz",
      "integrity": "sha1-6td0q+5y4gQJQzoGY2YCPdaIekE=",
      "dev": true
    },
    "get-stdin": {
      "version": "5.0.1",
      "resolved": "https://registry.npmjs.org/get-stdin/-/get-stdin-5.0.1.tgz",
      "integrity": "sha1-Ei4WFZHiH/TFJTAwVpPyDmOTo5g=",
      "dev": true
    },
    "glob": {
      "version": "7.1.3",
      "resolved": "https://registry.npmjs.org/glob/-/glob-7.1.3.tgz",
      "integrity": "sha512-vcfuiIxogLV4DlGBHIUOwI0IbrJ8HWPc4MU7HzviGeNho/UJDfi6B5p3sHeWIQ0KGIU0Jpxi5ZHxemQfLkkAwQ==",
      "requires": {
        "fs.realpath": "^1.0.0",
        "inflight": "^1.0.4",
        "inherits": "2",
        "minimatch": "^3.0.4",
        "once": "^1.3.0",
        "path-is-absolute": "^1.0.0"
      }
    },
    "has-unicode": {
      "version": "2.0.1",
      "resolved": "https://registry.npmjs.org/has-unicode/-/has-unicode-2.0.1.tgz",
      "integrity": "sha1-4Ob+aijPUROIVeCG0Wkedx3iqLk="
    },
    "globals": {
      "version": "11.11.0",
      "resolved": "https://registry.npmjs.org/globals/-/globals-11.11.0.tgz",
      "integrity": "sha512-WHq43gS+6ufNOEqlrDBxVEbb8ntfXrfAUU2ZOpCxrBdGKW3gyv8mCxAfIBD0DroPKGrJ2eSsXsLtY9MPntsyTw==",
      "dev": true
    },
    "graceful-fs": {
      "version": "4.1.15",
      "resolved": "https://registry.npmjs.org/graceful-fs/-/graceful-fs-4.1.15.tgz",
      "integrity": "sha512-6uHUhOPEBgQ24HM+r6b/QwWfZq+yiFcipKFrOFiBEnWdy5sdzYoi+pJeQaPI5qOLRFqWmAXUPQNsielzdLoecA=="
    },
    "growl": {
      "version": "1.10.5",
      "resolved": "https://registry.npmjs.org/growl/-/growl-1.10.5.tgz",
      "integrity": "sha512-qBr4OuELkhPenW6goKVXiv47US3clb3/IbuWF9KNKEijAy9oeHxU9IgzjvJhHkUzhaj7rOUD7+YGWqUjLp5oSA==",
      "dev": true
    },
    "handlebars": {
      "version": "4.1.2",
      "resolved": "https://registry.npmjs.org/handlebars/-/handlebars-4.1.2.tgz",
      "integrity": "sha512-nvfrjqvt9xQ8Z/w0ijewdD/vvWDTOweBUm96NTr66Wfvo1mJenBLwcYmPs3TIBP5ruzYGD7Hx/DaM9RmhroGPw==",
      "requires": {
        "neo-async": "^2.6.0",
        "optimist": "^0.6.1",
        "source-map": "^0.6.1",
        "uglify-js": "^3.1.4"
      }
    },
    "has-ansi": {
      "version": "2.0.0",
      "resolved": "https://registry.npmjs.org/has-ansi/-/has-ansi-2.0.0.tgz",
      "integrity": "sha1-NPUEnOHs3ysGSa8+8k5F7TVBbZE=",
      "dev": true,
      "requires": {
        "ansi-regex": "^2.0.0"
      }
    },
    "has-flag": {
      "version": "3.0.0",
      "resolved": "https://registry.npmjs.org/has-flag/-/has-flag-3.0.0.tgz",
      "integrity": "sha1-tdRU3CGZriJWmfNGfloH87lVuv0=",
      "dev": true
    },
    "has-symbols": {
      "version": "1.0.0",
      "resolved": "https://registry.npmjs.org/has-symbols/-/has-symbols-1.0.0.tgz",
      "integrity": "sha1-uhqPGvKg/DllD1yFA2dwQSIGO0Q="
    },
    "he": {
      "version": "1.1.1",
      "resolved": "https://registry.npmjs.org/he/-/he-1.1.1.tgz",
      "integrity": "sha1-k0EP0hsAlzUVH4howvJx80J+I/0=",
      "dev": true
    },
    "http-errors": {
      "version": "1.6.3",
      "resolved": "https://registry.npmjs.org/http-errors/-/http-errors-1.6.3.tgz",
      "integrity": "sha1-i1VoC7S+KDoLW/TqLjhYC+HZMg0=",
      "requires": {
        "depd": "~1.1.2",
        "inherits": "2.0.3",
        "setprototypeof": "1.1.0",
        "statuses": ">= 1.4.0 < 2"
      }
    },
    "iconv-lite": {
      "version": "0.4.23",
      "resolved": "https://registry.npmjs.org/iconv-lite/-/iconv-lite-0.4.23.tgz",
      "integrity": "sha512-neyTUVFtahjf0mB3dZT77u+8O0QB89jFdnBkd5P1JgYPbPaia3gXXOVL2fq8VyU2gMMD7SaN7QukTB/pmXYvDA==",
      "requires": {
        "safer-buffer": ">= 2.1.2 < 3"
      }
    },
    "ignore-walk": {
      "version": "3.0.1",
      "resolved": "https://registry.npmjs.org/ignore-walk/-/ignore-walk-3.0.1.tgz",
      "integrity": "sha512-DTVlMx3IYPe0/JJcYP7Gxg7ttZZu3IInhuEhbchuqneY9wWe5Ojy2mXLBaQFUQmo0AW2r3qG7m1mg86js+gnlQ==",
      "requires": {
        "minimatch": "^3.0.4"
      },
      
    "ignore": {
      "version": "3.3.10",
      "resolved": "https://registry.npmjs.org/ignore/-/ignore-3.3.10.tgz",
      "integrity": "sha512-Pgs951kaMm5GXP7MOvxERINe3gsaVjUWFm+UZPSq9xYriQAksyhg0csnS0KXSNRD5NmNdapXEpjxG49+AKh/ug==",
      "dev": true
    },
    "imurmurhash": {
      "version": "0.1.4",
      "resolved": "https://registry.npmjs.org/imurmurhash/-/imurmurhash-0.1.4.tgz",
      "integrity": "sha1-khi5srkoojixPcT7a21XbyMUU+o=",
      "dev": true
    },
    "inflection": {
      "version": "1.12.0",
      "resolved": "https://registry.npmjs.org/inflection/-/inflection-1.12.0.tgz",
      "integrity": "sha1-ogCTVlbW9fa8TcdQLhrstwMihBY="
    },
    "inflight": {
      "version": "1.0.6",
      "resolved": "https://registry.npmjs.org/inflight/-/inflight-1.0.6.tgz",
      "integrity": "sha1-Sb1jMdfQLQwJvJEKEHW6gWW1bfk=",
      "requires": {
        "once": "^1.3.0",
        "wrappy": "1"
      }
    },
    "inherits": {
      "version": "2.0.3",
      "resolved": "https://registry.npmjs.org/inherits/-/inherits-2.0.3.tgz",
      "integrity": "sha1-Yzwsg+PaQqUC9SRmAiSA9CCCYd4="
    },
    "ini": {
      "version": "1.3.5",
      "resolved": "https://registry.npmjs.org/ini/-/ini-1.3.5.tgz",
      "integrity": "sha512-RZY5huIKCMRWDUqZlEi72f/lmXKMvuszcMBduliQ3nnWbx9X/ZBQO7DijMEYS9EhHBb2qacRUMtC7svLwe0lcw=="
    },
      "inquirer": {
      "version": "3.3.0",
      "resolved": "https://registry.npmjs.org/inquirer/-/inquirer-3.3.0.tgz",
      "integrity": "sha512-h+xtnyk4EwKvFWHrUYsWErEVR+igKtLdchu+o0Z1RL7VU/jVMFbYir2bp6bAj8efFNxWqHX0dIss6fJQ+/+qeQ==",
      "dev": true,
      "requires": {
        "ansi-escapes": "^3.0.0",
        "chalk": "^2.0.0",
        "cli-cursor": "^2.1.0",
        "cli-width": "^2.0.0",
        "external-editor": "^2.0.4",
        "figures": "^2.0.0",
        "lodash": "^4.3.0",
        "mute-stream": "0.0.7",
        "run-async": "^2.2.0",
        "rx-lite": "^4.0.8",
        "rx-lite-aggregates": "^4.0.8",
        "string-width": "^2.1.0",
        "strip-ansi": "^4.0.0",
        "through": "^2.3.6"
      }
    },
    "ip-regex": {
      "version": "2.1.0",
      "resolved": "https://registry.npmjs.org/ip-regex/-/ip-regex-2.1.0.tgz",
      "integrity": "sha1-+ni/XS5pE8kRzp+BnuUUa7bYROk=",
      "dev": true
    },
    "ipaddr.js": {
      "version": "1.8.0",
      "resolved": "https://registry.npmjs.org/ipaddr.js/-/ipaddr.js-1.8.0.tgz",
      "integrity": "sha1-6qM9bd16zo9/b+DJygRA5wZzix4="
    },
    "is-bluebird": {
      "version": "1.0.2",
      "resolved": "https://registry.npmjs.org/is-bluebird/-/is-bluebird-1.0.2.tgz",
      "integrity": "sha1-CWQ5Bg9KpBGr7hkUOoTWpVNG1uI="
    },
    "is-fullwidth-code-point": {
      "version": "1.0.0",
      "resolved": "https://registry.npmjs.org/is-fullwidth-code-point/-/is-fullwidth-code-point-1.0.0.tgz",
      "integrity": "sha1-754xOG8DGn8NZDr4L95QxFfvAMs=",
      "requires": {
        "number-is-nan": "^1.0.0"
      }
    },
      "version": "2.0.0",
      "resolved": "https://registry.npmjs.org/is-fullwidth-code-point/-/is-fullwidth-code-point-2.0.0.tgz",
      "integrity": "sha1-o7MKXE8ZkYMWeqq5O+764937ZU8=",
      "dev": true
    },
    "is-ip": {
      "version": "2.0.0",
      "resolved": "https://registry.npmjs.org/is-ip/-/is-ip-2.0.0.tgz",
      "integrity": "sha1-aO6gfooKCpTC0IDdZ0xzGrKkYas=",
      "dev": true,
      "requires": {
        "ip-regex": "^2.0.0"
      }
    },
    "is-promise": {
      "version": "2.1.0",
      "resolved": "https://registry.npmjs.org/is-promise/-/is-promise-2.1.0.tgz",
      "integrity": "sha1-eaKp7OfwlugPNtKy87wWwf9L8/o=",
      "dev": true
    },
    "is-property": {
      "version": "1.0.2",
      "resolved": "https://registry.npmjs.org/is-property/-/is-property-1.0.2.tgz",
      "integrity": "sha1-V/4cTkhHTt1lsJkR8msc1Ald2oQ="
    },
    "isarray": {
      "version": "1.0.0",
      "resolved": "https://registry.npmjs.org/isarray/-/isarray-1.0.0.tgz",
      "integrity": "sha1-u5NdSFgsuhaMBoNJV6VKPgcSTxE="
    },
    
    "is-resolvable": {
      "version": "1.1.0",
      "resolved": "https://registry.npmjs.org/is-resolvable/-/is-resolvable-1.1.0.tgz",
      "integrity": "sha512-qgDYXFSR5WvEfuS5dMj6oTMEbrrSaM0CrFk2Yiq/gXnBvD9pMa2jGXxyhGLfvhZpuMZe18CJpFxAt3CRs42NMg==",
      "dev": true
    },
    "is-windows": {
      "version": "1.0.2",
      "resolved": "https://registry.npmjs.org/is-windows/-/is-windows-1.0.2.tgz",
      "integrity": "sha512-eXK1UInq2bPmjyX6e3VHIzMLobc4J94i4AWn+Hpq3OU5KkrRC96OAcR3PRJ/pGu6m8TRnBHP9dkXQVsT/COVIA==",
      "dev": true
    },
    "isarray": {
      "version": "1.0.0",
      "resolved": "https://registry.npmjs.org/isarray/-/isarray-1.0.0.tgz",
      "integrity": "sha1-u5NdSFgsuhaMBoNJV6VKPgcSTxE=",
      "dev": true
    },
    "isexe": {
      "version": "2.0.0",
      "resolved": "https://registry.npmjs.org/isexe/-/isexe-2.0.0.tgz",
      "integrity": "sha1-6PvzdNxVb/iUehDcsFctYz8s+hA=",
      "dev": true
    },
    "jest-docblock": {
      "version": "21.2.0",
      "resolved": "https://registry.npmjs.org/jest-docblock/-/jest-docblock-21.2.0.tgz",
      "integrity": "sha512-5IZ7sY9dBAYSV+YjQ0Ovb540Ku7AO9Z5o2Cg789xj167iQuZ2cG+z0f3Uct6WeYLbU6aQiM2pCs7sZ+4dotydw==",
      "dev": true
    },
    "js-tokens": {
      "version": "3.0.2",
      "resolved": "https://registry.npmjs.org/js-tokens/-/js-tokens-3.0.2.tgz",
      "integrity": "sha1-mGbfOVECEw449/mWvOtlRDIJwls=",
      "dev": true
    },
    "js-yaml": {
      "version": "3.13.1",
      "resolved": "https://registry.npmjs.org/js-yaml/-/js-yaml-3.13.1.tgz",
      "integrity": "sha512-YfbcO7jXDdyj0DGxYVSlSeQNHbD7XPWvrVWeVUujrQEoZzWJIRrCPoyk6kL6IAjAG2IolMK4T0hNUe0HOUs5Jw==",
      "dev": true,
      "requires": {
        "argparse": "^1.0.7",
        "esprima": "^4.0.0"
      }
    },
    "json-schema-traverse": {
      "version": "0.3.1",
      "resolved": "https://registry.npmjs.org/json-schema-traverse/-/json-schema-traverse-0.3.1.tgz",
      "integrity": "sha1-NJptRMU6Ud6JtAgFxdXlm0F9M0A=",
      "dev": true
    },
    "json-stable-stringify-without-jsonify": {
      "version": "1.0.1",
      "resolved": "https://registry.npmjs.org/json-stable-stringify-without-jsonify/-/json-stable-stringify-without-jsonify-1.0.1.tgz",
      "integrity": "sha1-nbe1lJatPzz+8wp1FC0tkwrXJlE=",
      "dev": true
    },
    "levn": {
      "version": "0.3.0",
      "resolved": "https://registry.npmjs.org/levn/-/levn-0.3.0.tgz",
      "integrity": "sha1-OwmSTt+fCDwEkP3UwLxEIeBHZO4=",
      "dev": true,
      "requires": {
        "prelude-ls": "~1.1.2",
        "type-check": "~0.3.2"
      }
    },
    "lodash": {
      "version": "4.17.11",
      "resolved": "https://registry.npmjs.org/lodash/-/lodash-4.17.11.tgz",
      "integrity": "sha512-cQKh8igo5QUhZ7lg38DYWAxMvjSAKG0A8wGSVimP07SIUEK2UO+arSRKbRZWtelMtN5V0Hkwh5ryOto/SshYIg=="
    },
    "long": {
      "version": "4.0.0",
      "resolved": "https://registry.npmjs.org/long/-/long-4.0.0.tgz",
      "integrity": "sha512-XsP+KhQif4bjX1kbuSiySJFNAehNxgLb6hPRGJ9QsUr8ajHkuXGdrHmFUTUUXhDwVX2R5bY4JNZEwbUiMhV+MA=="
    },
    "lru-cache": {
      "version": "4.1.5",
      "resolved": "https://registry.npmjs.org/lru-cache/-/lru-cache-4.1.5.tgz",
      "integrity": "sha512-sWZlbEP2OsHNkXrMl5GYk/jKk70MBng6UU4YI/qGDYbgf6YbP4EvmqISbXCoJiRKs+1bSpFHVgQxvJ17F2li5g==",
      "requires": {
        "pseudomap": "^1.0.2",
        "yallist": "^2.1.2"
      }
    },
    "media-typer": {
      "version": "0.3.0",
      "resolved": "https://registry.npmjs.org/media-typer/-/media-typer-0.3.0.tgz",
      "integrity": "sha1-hxDXrwqmJvj/+hzgAWhUUmMlV0g="
    },
    "merge-descriptors": {
      "version": "1.0.1",
      "resolved": "https://registry.npmjs.org/merge-descriptors/-/merge-descriptors-1.0.1.tgz",
      "integrity": "sha1-sAqqVW3YtEVoFQ7J0blT8/kMu2E="
    },
    "methods": {
      "version": "1.1.2",
      "resolved": "https://registry.npmjs.org/methods/-/methods-1.1.2.tgz",
      "integrity": "sha1-VSmk1nZUE07cxSZmVoNbD4Ua/O4="
    },
    "mime": {
      "version": "1.4.1",
      "resolved": "https://registry.npmjs.org/mime/-/mime-1.4.1.tgz",
      "integrity": "sha512-KI1+qOZu5DcW6wayYHSzR/tXKCDC5Om4s1z2QJjDULzLcmf3DvzS7oluY4HCTrc+9FiKmWUgeNLg7W3uIQvxtQ=="
    },
    "mime-db": {
      "version": "1.38.0",
      "resolved": "https://registry.npmjs.org/mime-db/-/mime-db-1.38.0.tgz",
      "integrity": "sha512-bqVioMFFzc2awcdJZIzR3HjZFX20QhilVS7hytkKrv7xFAn8bM1gzc/FOX2awLISvWe0PV8ptFKcon+wZ5qYkg=="
    },
    "mime-types": {
      "version": "2.1.22",
      "resolved": "https://registry.npmjs.org/mime-types/-/mime-types-2.1.22.tgz",
      "integrity": "sha512-aGl6TZGnhm/li6F7yx82bJiBZwgiEa4Hf6CNr8YO+r5UHr53tSTYZb102zyU50DOWWKeOv0uQLRL0/9EiKWCog==",
      "requires": {
        "mime-db": "~1.38.0"
      }
    },
    "mimic-fn": {
      "version": "1.2.0",
      "resolved": "https://registry.npmjs.org/mimic-fn/-/mimic-fn-1.2.0.tgz",
      "integrity": "sha512-jf84uxzwiuiIVKiOLpfYk7N46TSy8ubTonmneY9vrpHNAnp0QBt2BxWV9dO3/j+BoVAb+a5G6YDPW3M5HOdMWQ==",
      "dev": true
    },
    "minimatch": {
      "version": "3.0.4",
      "resolved": "https://registry.npmjs.org/minimatch/-/minimatch-3.0.4.tgz",
      "integrity": "sha512-yJHVQEhyqPLUTgt9B83PXu6W3rx4MvvHvSUvToogpwoGDOUQ+yDrR0HRot+yOCdCO7u4hX3pWft6kWBBcqh0UA==",
      "requires": {
        "brace-expansion": "^1.1.7"
      }
    },
    "minimist": {
      "version": "0.0.8",
      "resolved": "https://registry.npmjs.org/minimist/-/minimist-0.0.8.tgz",
      "integrity": "sha1-hX/Kv8M5fSYluCKCYuhqp6ARsF0="
    },
    "minipass": {
      "version": "2.3.5",
      "resolved": "https://registry.npmjs.org/minipass/-/minipass-2.3.5.tgz",
      "integrity": "sha512-Gi1W4k059gyRbyVUZQ4mEqLm0YIUiGYfvxhF6SIlk3ui1WVxMTGfGdQ2SInh3PDrRTVvPKgULkpJtT4RH10+VA==",
      "requires": {
        "safe-buffer": "^5.1.2",
        "yallist": "^3.0.0"
      },
      "dependencies": {
        "yallist": {
          "version": "3.0.3",
          "resolved": "https://registry.npmjs.org/yallist/-/yallist-3.0.3.tgz",
          "integrity": "sha512-S+Zk8DEWE6oKpV+vI3qWkaK+jSbIK86pCwe2IF/xwIpQ8jEuxpw9NyaGjmp9+BoJv5FV2piqCDcoCtStppiq2A=="
        }
      }
    },
    "minizlib": {
      "version": "1.2.1",
      "resolved": "https://registry.npmjs.org/minizlib/-/minizlib-1.2.1.tgz",
      "integrity": "sha512-7+4oTUOWKg7AuL3vloEWekXY2/D20cevzsrNT2kGWm+39J9hGTCBv8VI5Pm5lXZ/o3/mdR4f8rflAPhnQb8mPA==",
      "requires": {
        "minipass": "^2.2.1"
      }
    },
    "mkdirp": {
      "version": "0.5.1",
      "resolved": "https://registry.npmjs.org/mkdirp/-/mkdirp-0.5.1.tgz",
      "integrity": "sha1-MAV0OOrGz3+MR2fzhkjWaX11yQM=",
      "requires": {
        "minimist": "0.0.8"
      },
      "version": "0.0.10",
      "resolved": "https://registry.npmjs.org/minimist/-/minimist-0.0.10.tgz",
      "integrity": "sha1-3j+YVD2/lggr5IrRoMfNqDYwHc8="
    },
    "mkdirp": {
      "version": "0.5.1",
      "resolved": "https://registry.npmjs.org/mkdirp/-/mkdirp-0.5.1.tgz",
      "integrity": "sha1-MAV0OOrGz3+MR2fzhkjWaX11yQM=",
      "dev": true,
      "requires": {
        "minimist": "0.0.8"
      },
      "dependencies": {
        "minimist": {
          "version": "0.0.8",
          "resolved": "https://registry.npmjs.org/minimist/-/minimist-0.0.8.tgz",
          "integrity": "sha1-hX/Kv8M5fSYluCKCYuhqp6ARsF0=",
          "dev": true
        }
      }
    },
    "mocha": {
      "version": "5.2.0",
      "resolved": "https://registry.npmjs.org/mocha/-/mocha-5.2.0.tgz",
      "integrity": "sha512-2IUgKDhc3J7Uug+FxMXuqIyYzH7gJjXECKe/w43IGgQHTSj3InJi+yAA7T24L9bQMRKiUEHxEX37G5JpVUGLcQ==",
      "dev": true,
      "requires": {
        "browser-stdout": "1.3.1",
        "commander": "2.15.1",
        "debug": "3.1.0",
        "diff": "3.5.0",
        "escape-string-regexp": "1.0.5",
        "glob": "7.1.2",
        "growl": "1.10.5",
        "he": "1.1.1",
        "minimatch": "3.0.4",
        "mkdirp": "0.5.1",
        "supports-color": "5.4.0"
      },
      "dependencies": {
        "commander": {
          "version": "2.15.1",
          "resolved": "https://registry.npmjs.org/commander/-/commander-2.15.1.tgz",
          "integrity": "sha512-VlfT9F3V0v+jr4yxPc5gg9s62/fIVWsd2Bk2iD435um1NlGMYdVCq+MjcXnhYq2icNOizHr1kK+5TI6H0Hy0ag==",
          "dev": true
        },
        "debug": {
          "version": "3.1.0",
          "resolved": "https://registry.npmjs.org/debug/-/debug-3.1.0.tgz",
          "integrity": "sha512-OX8XqP7/1a9cqkxYw2yXss15f26NKWBpDXQd0/uK/KPqdQhxbPa994hnzjcE2VqQpDslf55723cKPUOGSmMY3g==",
          "dev": true,
          "requires": {
            "ms": "2.0.0"
          }
        },
        "glob": {
          "version": "7.1.2",
          "resolved": "https://registry.npmjs.org/glob/-/glob-7.1.2.tgz",
          "integrity": "sha512-MJTUg1kjuLeQCJ+ccE4Vpa6kKVXkPYJ2mOCQyUuKLcLQsdrMCpBPUi8qVE6+YuaJkozeA9NusTAw3hLr8Xe5EQ==",
          "dev": true,
          "requires": {
            "fs.realpath": "^1.0.0",
            "inflight": "^1.0.4",
            "inherits": "2",
            "minimatch": "^3.0.4",
            "once": "^1.3.0",
            "path-is-absolute": "^1.0.0"
          }
        },
        "supports-color": {
          "version": "5.4.0",
          "resolved": "https://registry.npmjs.org/supports-color/-/supports-color-5.4.0.tgz",
          "integrity": "sha512-zjaXglF5nnWpsq470jSv6P9DwPvgLkuapYmfDm3JWOm0vkNTVF2tI4UrN2r6jH1qM/uc/WtxYY1hYoA2dOKj5w==",
          "dev": true,
          "requires": {
            "has-flag": "^3.0.0"
          }
        }
      }
    },
    "moment": {
      "version": "2.24.0",
      "resolved": "https://registry.npmjs.org/moment/-/moment-2.24.0.tgz",
      "integrity": "sha512-bV7f+6l2QigeBBZSM/6yTNq4P2fNpSWj/0e7jQcy87A8e7o2nAfP/34/2ky5Vw4B9S446EtIhodAzkFCcR4dQg=="
    },
    "moment-timezone": {
      "version": "0.5.23",
      "resolved": "https://registry.npmjs.org/moment-timezone/-/moment-timezone-0.5.23.tgz",
      "integrity": "sha512-WHFH85DkCfiNMDX5D3X7hpNH3/PUhjTGcD0U1SgfBGZxJ3qUmJh5FdvaFjcClxOvB3rzdfj4oRffbI38jEnC1w==",
      "requires": {
        "moment": ">= 2.9.0"
      }
    },
    "ms": {
      "version": "2.0.0",
      "resolved": "https://registry.npmjs.org/ms/-/ms-2.0.0.tgz",
      "integrity": "sha1-VgiurfwAvmwpAd9fmGF4jeDVl8g="
    },
    "mute-stream": {
      "version": "0.0.7",
      "resolved": "https://registry.npmjs.org/mute-stream/-/mute-stream-0.0.7.tgz",
      "integrity": "sha1-MHXOk7whuPq0PhvE2n6BFe0ee6s=",
      "dev": true
    },
    "mysql2": {
      "version": "1.6.5",
      "resolved": "https://registry.npmjs.org/mysql2/-/mysql2-1.6.5.tgz",
      "integrity": "sha512-zedaOOyb3msuuZcJJnxIX/EGOpmljDG7B+UevRH5lqcv+yhy9eCwkArBz8/AO+/rlY3/oCsOdG8R5oD6k0hNfg==",
      "requires": {
        "denque": "^1.4.0",
        "generate-function": "^2.3.1",
        "iconv-lite": "^0.4.24",
        "long": "^4.0.0",
        "lru-cache": "^4.1.3",
        "named-placeholders": "^1.1.2",
        "seq-queue": "^0.0.5",
        "sqlstring": "^2.3.1"
      },
      "dependencies": {
        "iconv-lite": {
          "version": "0.4.24",
          "resolved": "https://registry.npmjs.org/iconv-lite/-/iconv-lite-0.4.24.tgz",
          "integrity": "sha512-v3MXnZAcvnywkTUEZomIActle7RXXeedOR31wwl7VlyoXO4Qi9arvSenNQWne1TcRwhCL1HwLI21bEqdpj8/rA==",
          "requires": {
            "safer-buffer": ">= 2.1.2 < 3"
          }
        }
      }
    },
    "named-placeholders": {
      "version": "1.1.2",
      "resolved": "https://registry.npmjs.org/named-placeholders/-/named-placeholders-1.1.2.tgz",
      "integrity": "sha512-wiFWqxoLL3PGVReSZpjLVxyJ1bRqe+KKJVbr4hGs1KWfTZTQyezHFBbuKj9hsizHyGV2ne7EMjHdxEGAybD5SA==",
      "requires": {
        "lru-cache": "^4.1.3"
      }
    },
    "nan": {
      "version": "2.13.2",
      "resolved": "https://registry.npmjs.org/nan/-/nan-2.13.2.tgz",
      "integrity": "sha512-TghvYc72wlMGMVMluVo9WRJc0mB8KxxF/gZ4YYFy7V2ZQX9l7rgbPg7vjS9mt6U5HXODVFVI2bOduCzwOMv/lw=="
    },
    "needle": {
      "version": "2.3.0",
      "resolved": "https://registry.npmjs.org/needle/-/needle-2.3.0.tgz",
      "integrity": "sha512-QBZu7aAFR0522EyaXZM0FZ9GLpq6lvQ3uq8gteiDUp7wKdy0lSd2hPlgFwVuW1CBkfEs9PfDQsQzZghLs/psdg==",
      "requires": {
        "debug": "^4.1.0",
        "iconv-lite": "^0.4.4",
        "sax": "^1.2.4"
      },
      "dependencies": {
        "debug": {
          "version": "4.1.1",
          "resolved": "https://registry.npmjs.org/debug/-/debug-4.1.1.tgz",
          "integrity": "sha512-pYAIzeRo8J6KPEaJ0VWOh5Pzkbw/RetuzehGM7QRRX5he4fPHx2rdKMB256ehJCkX+XRQm16eZLqLNS8RSZXZw==",
          "requires": {
            "ms": "^2.1.1"
          }
        },
        "ms": {
          "version": "2.1.1",
          "resolved": "https://registry.npmjs.org/ms/-/ms-2.1.1.tgz",
          "integrity": "sha512-tgp+dl5cGk28utYktBsrFqA7HKgrhgPsg6Z/EfhWI4gl1Hwq8B/GmY/0oXZ6nF8hDVesS/FpnYaD/kOWhYQvyg=="
        }
      },
    "natural-compare": {
      "version": "1.4.0",
      "resolved": "https://registry.npmjs.org/natural-compare/-/natural-compare-1.4.0.tgz",
      "integrity": "sha1-Sr6/7tdUHywnrPspvbvRXI1bpPc=",
      "dev": true
    },
    "negotiator": {
      "version": "0.6.1",
      "resolved": "https://registry.npmjs.org/negotiator/-/negotiator-0.6.1.tgz",
      "integrity": "sha1-KzJxhOiZIQEXeyhWP7XnECrNDKk="
    },
    "node-pre-gyp": {
      "version": "0.12.0",
      "resolved": "https://registry.npmjs.org/node-pre-gyp/-/node-pre-gyp-0.12.0.tgz",
      "integrity": "sha512-4KghwV8vH5k+g2ylT+sLTjy5wmUOb9vPhnM8NHvRf9dHmnW/CndrFXy2aRPaPST6dugXSdHXfeaHQm77PIz/1A==",
      "requires": {
        "detect-libc": "^1.0.2",
        "mkdirp": "^0.5.1",
        "needle": "^2.2.1",
        "nopt": "^4.0.1",
        "npm-packlist": "^1.1.6",
        "npmlog": "^4.0.2",
        "rc": "^1.2.7",
        "rimraf": "^2.6.1",
        "semver": "^5.3.0",
        "tar": "^4"
      }
    },
    "nopt": {
      "version": "4.0.1",
      "resolved": "https://registry.npmjs.org/nopt/-/nopt-4.0.1.tgz",
      "integrity": "sha1-0NRoWv1UFRk8jHUFYC0NF81kR00=",
      "requires": {
        "abbrev": "1",
        "osenv": "^0.1.4"
      }
    },
    "npm-bundled": {
      "version": "1.0.6",
      "resolved": "https://registry.npmjs.org/npm-bundled/-/npm-bundled-1.0.6.tgz",
      "integrity": "sha512-8/JCaftHwbd//k6y2rEWp6k1wxVfpFzB6t1p825+cUb7Ym2XQfhwIC5KwhrvzZRJu+LtDE585zVaS32+CGtf0g=="
    },
    "npm-packlist": {
      "version": "1.4.1",
      "resolved": "https://registry.npmjs.org/npm-packlist/-/npm-packlist-1.4.1.tgz",
      "integrity": "sha512-+TcdO7HJJ8peiiYhvPxsEDhF3PJFGUGRcFsGve3vxvxdcpO2Z4Z7rkosRM0kWj6LfbK/P0gu3dzk5RU1ffvFcw==",
      "requires": {
        "ignore-walk": "^3.0.1",
        "npm-bundled": "^1.0.1"
      }
    },
    "npmlog": {
      "version": "4.1.2",
      "resolved": "https://registry.npmjs.org/npmlog/-/npmlog-4.1.2.tgz",
      "integrity": "sha512-2uUqazuKlTaSI/dC8AzicUck7+IrEaOnN/e0jd3Xtt1KcGpwx30v50mL7oPyr/h9bL3E4aZccVwpwP+5W9Vjkg==",
      "requires": {
        "are-we-there-yet": "~1.1.2",
        "console-control-strings": "~1.1.0",
        "gauge": "~2.7.3",
        "set-blocking": "~2.0.0"
      }
    },
    "number-is-nan": {
      "version": "1.0.1",
      "resolved": "https://registry.npmjs.org/number-is-nan/-/number-is-nan-1.0.1.tgz",
      "integrity": "sha1-CXtgK1NCKlIsGvuHkDGDNpQaAR0="
    },
    "object-assign": {
      "version": "4.1.1",
      "resolved": "https://registry.npmjs.org/object-assign/-/object-assign-4.1.1.tgz",
      "integrity": "sha1-IQmtx5ZYh8/AXLvUQsrIv7s2CGM="
    },
    "neo-async": {
      "version": "2.6.0",
      "resolved": "https://registry.npmjs.org/neo-async/-/neo-async-2.6.0.tgz",
      "integrity": "sha512-MFh0d/Wa7vkKO3Y3LlacqAEeHK0mckVqzDieUKTT+KGxi+zIpeVsFxymkIiRpbpDziHc290Xr9A1O4Om7otoRA=="
    },
    "nice-try": {
      "version": "1.0.5",
      "resolved": "https://registry.npmjs.org/nice-try/-/nice-try-1.0.5.tgz",
      "integrity": "sha512-1nh45deeb5olNY7eX82BkPO7SSxR5SSYJiPTrTdFUVYwAl8CKMA5N9PjTYkHiRjisVcxcQ1HXdLhx2qxxJzLNQ==",
      "dev": true
    },
    "object-assign": {
      "version": "4.1.1",
      "resolved": "https://registry.npmjs.org/object-assign/-/object-assign-4.1.1.tgz",
      "integrity": "sha1-IQmtx5ZYh8/AXLvUQsrIv7s2CGM=",
      "dev": true
    },
    "object-keys": {
      "version": "1.1.1",
      "resolved": "https://registry.npmjs.org/object-keys/-/object-keys-1.1.1.tgz",
      "integrity": "sha512-NuAESUOUMrlIXOfHKzD6bpPu3tYt3xvjNdRIQ+FeT0lNb4K8WR70CaDxhuNguS2XG+GjkyMwOzsN5ZktImfhLA=="
    },
    "object.assign": {
      "version": "4.1.0",
      "resolved": "https://registry.npmjs.org/object.assign/-/object.assign-4.1.0.tgz",
      "integrity": "sha512-exHJeq6kBKj58mqGyTQ9DFvrZC/eR6OwxzoM9YRoGBqrXYonaFyGiFMuc9VZrXf7DarreEwMpurG3dd+CNyW5w==",
      "requires": {
        "define-properties": "^1.1.2",
        "function-bind": "^1.1.1",
        "has-symbols": "^1.0.0",
        "object-keys": "^1.0.11"
      }
    },
    "on-finished": {
      "version": "2.3.0",
      "resolved": "https://registry.npmjs.org/on-finished/-/on-finished-2.3.0.tgz",
      "integrity": "sha1-IPEzZIGwg811M3mSoWlxqi2QaUc=",
      "requires": {
        "ee-first": "1.1.1"
      }
    },
    "once": {
      "version": "1.4.0",
      "resolved": "https://registry.npmjs.org/once/-/once-1.4.0.tgz",
      "integrity": "sha1-WDsap3WWHUsROsF9nFC6753Xa9E=",
      "requires": {
        "wrappy": "1"
      }
    },
    "os-homedir": {
      "version": "1.0.2",
      "resolved": "https://registry.npmjs.org/os-homedir/-/os-homedir-1.0.2.tgz",
      "integrity": "sha1-/7xJiDNuDoM94MFox+8VISGqf7M="
    },
    "os-tmpdir": {
      "version": "1.0.2",
      "resolved": "https://registry.npmjs.org/os-tmpdir/-/os-tmpdir-1.0.2.tgz",
      "integrity": "sha1-u+Z0BseaqFxc/sdm/lc0VV36EnQ="
    },
    "osenv": {
      "version": "0.1.5",
      "resolved": "https://registry.npmjs.org/osenv/-/osenv-0.1.5.tgz",
      "integrity": "sha512-0CWcCECdMVc2Rw3U5w9ZjqX6ga6ubk1xDVKxtBQPK7wis/0F2r9T6k4ydGYhecl7YUBxBVxhL5oisPsNxAPe2g==",
      "requires": {
        "os-homedir": "^1.0.0",
        "os-tmpdir": "^1.0.0"
      }
    },
    "onetime": {
      "version": "2.0.1",
      "resolved": "https://registry.npmjs.org/onetime/-/onetime-2.0.1.tgz",
      "integrity": "sha1-BnQoIw/WdEOyeUsiu6UotoZ5YtQ=",
      "dev": true,
      "requires": {
        "mimic-fn": "^1.0.0"
      }
    },
    "optimist": {
      "version": "0.6.1",
      "resolved": "https://registry.npmjs.org/optimist/-/optimist-0.6.1.tgz",
      "integrity": "sha1-2j6nRob6IaGaERwybpDrFaAZZoY=",
      "requires": {
        "minimist": "~0.0.1",
        "wordwrap": "~0.0.2"
      }
    },
    "optionator": {
      "version": "0.8.2",
      "resolved": "https://registry.npmjs.org/optionator/-/optionator-0.8.2.tgz",
      "integrity": "sha1-NkxeQJ0/TWMB1sC0wFu6UBgK62Q=",
      "dev": true,
      "requires": {
        "deep-is": "~0.1.3",
        "fast-levenshtein": "~2.0.4",
        "levn": "~0.3.0",
        "prelude-ls": "~1.1.2",
        "type-check": "~0.3.2",
        "wordwrap": "~1.0.0"
      },
      "dependencies": {
        "wordwrap": {
          "version": "1.0.0",
          "resolved": "https://registry.npmjs.org/wordwrap/-/wordwrap-1.0.0.tgz",
          "integrity": "sha1-J1hIEIkUVqQXHI0CJkQa3pDLyus=",
          "dev": true
        }
      }
    },
    "os-tmpdir": {
      "version": "1.0.2",
      "resolved": "https://registry.npmjs.org/os-tmpdir/-/os-tmpdir-1.0.2.tgz",
      "integrity": "sha1-u+Z0BseaqFxc/sdm/lc0VV36EnQ=",
      "dev": true
    },
    "parseurl": {
      "version": "1.3.2",
      "resolved": "https://registry.npmjs.org/parseurl/-/parseurl-1.3.2.tgz",
      "integrity": "sha1-/CidTtiZMRlGDBViUyYs3I3mW/M="
    },
    "passport": {
      "version": "0.4.0",
      "resolved": "https://registry.npmjs.org/passport/-/passport-0.4.0.tgz",
      "integrity": "sha1-xQlWkTR71a07XhgCOMORTRbwWBE=",
      "requires": {
        "passport-strategy": "1.x.x",
        "pause": "0.0.1"
      }
    },
    "passport-strategy": {
      "version": "1.0.0",
      "resolved": "https://registry.npmjs.org/passport-strategy/-/passport-strategy-1.0.0.tgz",
      "integrity": "sha1-tVOaqPwiWj0a0XlHbd8ja0QPUuQ="
    },
    "path-is-absolute": {
      "version": "1.0.1",
      "resolved": "https://registry.npmjs.org/path-is-absolute/-/path-is-absolute-1.0.1.tgz",
      "integrity": "sha1-F0uSaHNVNP+8es5r9TpanhtcX18="
    },
    "path-is-inside": {
      "version": "1.0.2",
      "resolved": "https://registry.npmjs.org/path-is-inside/-/path-is-inside-1.0.2.tgz",
      "integrity": "sha1-NlQX3t5EQw0cEa9hAn+s8HS9/FM=",
      "dev": true
    },
    "path-key": {
      "version": "2.0.1",
      "resolved": "https://registry.npmjs.org/path-key/-/path-key-2.0.1.tgz",
      "integrity": "sha1-QRyttXTFoUDTpLGRDUDYDMn0C0A=",
      "dev": true
    },
    "path-to-regexp": {
      "version": "0.1.7",
      "resolved": "https://registry.npmjs.org/path-to-regexp/-/path-to-regexp-0.1.7.tgz",
      "integrity": "sha1-32BBeABfUi8V60SQ5yR6G/qmf4w="
    },
    "pause": {
      "version": "0.0.1",
      "resolved": "https://registry.npmjs.org/pause/-/pause-0.0.1.tgz",
      "integrity": "sha1-HUCLP9t2kjuVQ9lvtMnf1TXZy10="
    },
    "pathval": {
      "version": "1.1.0",
      "resolved": "https://registry.npmjs.org/pathval/-/pathval-1.1.0.tgz",
      "integrity": "sha1-uULm1L3mUwBe9rcTYd74cn0GReA=",
      "dev": true
    },
    "pluralize": {
      "version": "7.0.0",
      "resolved": "https://registry.npmjs.org/pluralize/-/pluralize-7.0.0.tgz",
      "integrity": "sha512-ARhBOdzS3e41FbkW/XWrTEtukqqLoK5+Z/4UeDaLuSW+39JPeFgs4gCGqsrJHVZX0fUrx//4OF0K1CUGwlIFow==",
      "dev": true
    },
    "prelude-ls": {
      "version": "1.1.2",
      "resolved": "https://registry.npmjs.org/prelude-ls/-/prelude-ls-1.1.2.tgz",
      "integrity": "sha1-IZMqVJ9eUv/ZqCf1cOBL5iqX2lQ=",
      "dev": true
    },
    "prettier": {
      "version": "1.17.0",
      "resolved": "https://registry.npmjs.org/prettier/-/prettier-1.17.0.tgz",
      "integrity": "sha512-sXe5lSt2WQlCbydGETgfm1YBShgOX4HxQkFPvbxkcwgDvGDeqVau8h+12+lmSVlP3rHPz0oavfddSZg/q+Szjw==",
      "dev": true
    },
    "process-nextick-args": {
      "version": "2.0.0",
      "resolved": "https://registry.npmjs.org/process-nextick-args/-/process-nextick-args-2.0.0.tgz",
      "integrity": "sha512-MtEC1TqN0EU5nephaJ4rAtThHtC86dNN9qCuEhtshvpVBkAW5ZO7BASN9REnF9eoXGcRub+pFuKEpOHE+HbEMw=="
      "integrity": "sha512-MtEC1TqN0EU5nephaJ4rAtThHtC86dNN9qCuEhtshvpVBkAW5ZO7BASN9REnF9eoXGcRub+pFuKEpOHE+HbEMw==",
      "dev": true
    },
    "progress": {
      "version": "2.0.3",
      "resolved": "https://registry.npmjs.org/progress/-/progress-2.0.3.tgz",
      "integrity": "sha512-7PiHtLll5LdnKIMw100I+8xJXR5gW2QwWYkT6iJva0bXitZKa/XMrSbdmg3r2Xnaidz9Qumd0VPaMrZlF9V9sA==",
      "dev": true
    },
    "promise": {
      "version": "8.0.3",
      "resolved": "https://registry.npmjs.org/promise/-/promise-8.0.3.tgz",
      "integrity": "sha512-HeRDUL1RJiLhyA0/grn+PTShlBAcLuh/1BJGtrvjwbvRDCTLLMEz9rOGCV+R3vHY4MixIuoMEd9Yq/XvsTPcjw==",
      "requires": {
        "asap": "~2.0.6"
      }
    },
    "proxy-addr": {
      "version": "2.0.4",
      "resolved": "https://registry.npmjs.org/proxy-addr/-/proxy-addr-2.0.4.tgz",
      "integrity": "sha512-5erio2h9jp5CHGwcybmxmVqHmnCBZeewlfJ0pex+UW7Qny7OOZXTtH56TGNyBizkgiOwhJtMKrVzDTeKcySZwA==",
      "requires": {
        "forwarded": "~0.1.2",
        "ipaddr.js": "1.8.0"
      }
    },
    "pseudomap": {
      "version": "1.0.2",
      "resolved": "https://registry.npmjs.org/pseudomap/-/pseudomap-1.0.2.tgz",
      "integrity": "sha1-8FKijacOYYkX7wqKw0wa5aaChrM="
    },
    "qs": {
      "version": "6.5.2",
      "resolved": "https://registry.npmjs.org/qs/-/qs-6.5.2.tgz",
      "integrity": "sha512-N5ZAX4/LxJmF+7wN74pUD6qAh9/wnvdQcjq9TZjevvXzSUo7bfmw91saqMjzGS2xq91/odN2dW/WOl7qQHNDGA=="
    },
    "range-parser": {
      "version": "1.2.0",
      "resolved": "https://registry.npmjs.org/range-parser/-/range-parser-1.2.0.tgz",
      "integrity": "sha1-9JvmtIeJTdxA3MlKMi9hEJLgDV4="
    },
    "raw-body": {
      "version": "2.3.3",
      "resolved": "https://registry.npmjs.org/raw-body/-/raw-body-2.3.3.tgz",
      "integrity": "sha512-9esiElv1BrZoI3rCDuOuKCBRbuApGGaDPQfjSflGxdy4oyzqghxu6klEkkVIvBje+FF0BX9coEv8KqW6X/7njw==",
      "requires": {
        "bytes": "3.0.0",
        "http-errors": "1.6.3",
        "iconv-lite": "0.4.23",
        "unpipe": "1.0.0"
      }
    },
    "rc": {
      "version": "1.2.8",
      "resolved": "https://registry.npmjs.org/rc/-/rc-1.2.8.tgz",
      "integrity": "sha512-y3bGgqKj3QBdxLbLkomlohkvsA8gdAiUQlSBJnBhfn+BPxg4bc62d8TcBW15wavDfgexCgccckhcZvywyQYPOw==",
      "requires": {
        "deep-extend": "^0.6.0",
        "ini": "~1.3.0",
        "minimist": "^1.2.0",
        "strip-json-comments": "~2.0.1"
      },
      "dependencies": {
        "minimist": {
          "version": "1.2.0",
          "resolved": "https://registry.npmjs.org/minimist/-/minimist-1.2.0.tgz",
          "integrity": "sha1-o1AIsg9BOD7sH7kU9M1d95omQoQ="
        }
      }
    },
    "readable-stream": {
      "version": "2.3.6",
      "resolved": "https://registry.npmjs.org/readable-stream/-/readable-stream-2.3.6.tgz",
      "integrity": "sha512-tQtKA9WIAhBF3+VLAseyMqZeBjW0AHJoxOtYqSUZNJxauErmLbVm2FW1y+J/YA9dUrAC39ITejlZWhVIwawkKw==",
      "dev": true,
      "requires": {
        "core-util-is": "~1.0.0",
        "inherits": "~2.0.3",
        "isarray": "~1.0.0",
        "process-nextick-args": "~2.0.0",
        "safe-buffer": "~5.1.1",
        "string_decoder": "~1.1.1",
        "util-deprecate": "~1.0.1"
      }
    },
    "regexpp": {
      "version": "1.1.0",
      "resolved": "https://registry.npmjs.org/regexpp/-/regexpp-1.1.0.tgz",
      "integrity": "sha512-LOPw8FpgdQF9etWMaAfG/WRthIdXJGYp4mJ2Jgn/2lpkbod9jPn0t9UqN7AxBOKNfzRbYyVfgc7Vk4t/MpnXgw==",
      "dev": true
    },
    "require-uncached": {
      "version": "1.0.3",
      "resolved": "https://registry.npmjs.org/require-uncached/-/require-uncached-1.0.3.tgz",
      "integrity": "sha1-Tg1W1slmL9MeQwEcS5WqSZVUIdM=",
      "dev": true,
      "requires": {
        "caller-path": "^0.1.0",
        "resolve-from": "^1.0.0"
      }
    },
    "resolve-from": {
      "version": "1.0.1",
      "resolved": "https://registry.npmjs.org/resolve-from/-/resolve-from-1.0.1.tgz",
      "integrity": "sha1-Jsv+k10a7uq7Kbw/5a6wHpPUQiY=",
      "dev": true
    },
    "restore-cursor": {
      "version": "2.0.0",
      "resolved": "https://registry.npmjs.org/restore-cursor/-/restore-cursor-2.0.0.tgz",
      "integrity": "sha1-n37ih/gv0ybU/RYpI9YhKe7g368=",
      "dev": true,
      "requires": {
        "onetime": "^2.0.0",
        "signal-exit": "^3.0.2"
      }
    },
    "retry-as-promised": {
      "version": "2.3.2",
      "resolved": "https://registry.npmjs.org/retry-as-promised/-/retry-as-promised-2.3.2.tgz",
      "integrity": "sha1-zZdO5P2bX+A8vzGHHuSCIcB3N7c=",
      "requires": {
        "bluebird": "^3.4.6",
        "debug": "^2.6.9"
      }
    },
    "rimraf": {
      "version": "2.6.3",
      "resolved": "https://registry.npmjs.org/rimraf/-/rimraf-2.6.3.tgz",
      "integrity": "sha512-mwqeW5XsA2qAejG46gYdENaxXjx9onRNCfn7L0duuP4hCuTIi/QO7PDK07KJfp1d+izWPrzEJDcSqBa0OZQriA==",
      "dev": true,
      "requires": {
        "glob": "^7.1.3"
      }
    },
    "run-async": {
      "version": "2.3.0",
      "resolved": "https://registry.npmjs.org/run-async/-/run-async-2.3.0.tgz",
      "integrity": "sha1-A3GrSuC91yDUFm19/aZP96RFpsA=",
      "dev": true,
      "requires": {
        "is-promise": "^2.1.0"
      }
    },
    "rx-lite": {
      "version": "4.0.8",
      "resolved": "https://registry.npmjs.org/rx-lite/-/rx-lite-4.0.8.tgz",
      "integrity": "sha1-Cx4Rr4vESDbwSmQH6S2kJGe3lEQ=",
      "dev": true
    },
    "rx-lite-aggregates": {
      "version": "4.0.8",
      "resolved": "https://registry.npmjs.org/rx-lite-aggregates/-/rx-lite-aggregates-4.0.8.tgz",
      "integrity": "sha1-dTuHqJoRyVRnxKwWJsTvxOBcZ74=",
      "dev": true,
      "requires": {
        "rx-lite": "*"
      }
    },
    "safe-buffer": {
      "version": "5.1.2",
      "resolved": "https://registry.npmjs.org/safe-buffer/-/safe-buffer-5.1.2.tgz",
      "integrity": "sha512-Gd2UZBJDkXlY7GbJxfsE8/nvKkUEU1G38c1siN6QP6a9PT9MmHB8GnpscSmMJSoF8LOIrt8ud/wPtojys4G6+g=="
    },
    "safer-buffer": {
      "version": "2.1.2",
      "resolved": "https://registry.npmjs.org/safer-buffer/-/safer-buffer-2.1.2.tgz",
      "integrity": "sha512-YZo3K82SD7Riyi0E1EQPojLz7kpepnSQI9IyPbHHg1XXXevb5dJI7tpyN2ADxGcQbHG7vcyRHk0cbwqcQriUtg=="
    },
    "sax": {
      "version": "1.2.4",
      "resolved": "https://registry.npmjs.org/sax/-/sax-1.2.4.tgz",
      "integrity": "sha512-NqVDv9TpANUjFm0N8uM5GxL36UgKi9/atZw+x7YFnQ8ckwFGKrl4xX4yWtrey3UJm5nP1kUbnYgLopqWNSRhWw=="
    },
    "semver": {
      "version": "5.7.0",
      "resolved": "https://registry.npmjs.org/semver/-/semver-5.7.0.tgz",
      "integrity": "sha512-Ya52jSX2u7QKghxeoFGpLwCtGlt7j0oY9DYb5apt9nPlJ42ID+ulTXESnt/qAQcoSERyZ5sl3LDIOw0nAn/5DA=="
    },
    "send": {
      "version": "0.16.2",
      "resolved": "https://registry.npmjs.org/send/-/send-0.16.2.tgz",
      "integrity": "sha512-E64YFPUssFHEFBvpbbjr44NCLtI1AohxQ8ZSiJjQLskAdKuriYEP6VyGEsRDH8ScozGpkaX1BGvhanqCwkcEZw==",
      "requires": {
        "debug": "2.6.9",
        "depd": "~1.1.2",
        "destroy": "~1.0.4",
        "encodeurl": "~1.0.2",
        "escape-html": "~1.0.3",
        "etag": "~1.8.1",
        "fresh": "0.5.2",
        "http-errors": "~1.6.2",
        "mime": "1.4.1",
        "ms": "2.0.0",
        "on-finished": "~2.3.0",
        "range-parser": "~1.2.0",
        "statuses": "~1.4.0"
      }
    },
    "seq-queue": {
      "version": "0.0.5",
      "resolved": "https://registry.npmjs.org/seq-queue/-/seq-queue-0.0.5.tgz",
      "integrity": "sha1-1WgS4cAXpuTnw+Ojeh2m143TyT4="
    },
    "sequelize": {
      "version": "4.43.2",
      "resolved": "https://registry.npmjs.org/sequelize/-/sequelize-4.43.2.tgz",
      "integrity": "sha512-EA3V1AsxVjf2EtGbdEoa9Fe5rSAqy5g4OsX0VwtU6iMezTjIYTCXV8o6mG7i6u3lu4Zc7JWZ6XwhS0k79pT/EQ==",
      "requires": {
        "bluebird": "^3.5.0",
        "cls-bluebird": "^2.1.0",
        "debug": "^3.1.0",
        "depd": "^1.1.0",
        "dottie": "^2.0.0",
        "generic-pool": "3.5.0",
        "inflection": "1.12.0",
        "lodash": "^4.17.1",
        "moment": "^2.20.0",
        "moment-timezone": "^0.5.14",
        "retry-as-promised": "^2.3.2",
        "semver": "^5.5.0",
        "terraformer-wkt-parser": "^1.1.2",
        "toposort-class": "^1.0.1",
        "uuid": "^3.2.1",
        "validator": "^10.4.0",
        "wkx": "^0.4.1"
      },
      "dependencies": {
        "debug": {
          "version": "3.2.6",
          "resolved": "https://registry.npmjs.org/debug/-/debug-3.2.6.tgz",
          "integrity": "sha512-mel+jf7nrtEl5Pn1Qx46zARXKDpBbvzezse7p7LqINmdoIk8PYP5SySaxEmYv6TZ0JyEKA1hsCId6DIhgITtWQ==",
          "requires": {
            "ms": "^2.1.1"
          }
        },
        "ms": {
          "version": "2.1.1",
          "resolved": "https://registry.npmjs.org/ms/-/ms-2.1.1.tgz",
          "integrity": "sha512-tgp+dl5cGk28utYktBsrFqA7HKgrhgPsg6Z/EfhWI4gl1Hwq8B/GmY/0oXZ6nF8hDVesS/FpnYaD/kOWhYQvyg=="
        }
      }
    },
    "serve-static": {
      "version": "1.13.2",
      "resolved": "https://registry.npmjs.org/serve-static/-/serve-static-1.13.2.tgz",
      "integrity": "sha512-p/tdJrO4U387R9oMjb1oj7qSMaMfmOyd4j9hOFoxZe2baQszgHcSWjuya/CiT5kgZZKRudHNOA0pYXOl8rQ5nw==",
      "requires": {
        "encodeurl": "~1.0.2",
        "escape-html": "~1.0.3",
        "parseurl": "~1.3.2",
        "send": "0.16.2"
      }
    },
    "set-blocking": {
      "version": "2.0.0",
      "resolved": "https://registry.npmjs.org/set-blocking/-/set-blocking-2.0.0.tgz",
      "integrity": "sha1-BF+XgtARrppoA93TgrJDkrPYkPc="
    },
    "setprototypeof": {
      "version": "1.1.0",
      "resolved": "https://registry.npmjs.org/setprototypeof/-/setprototypeof-1.1.0.tgz",
      "integrity": "sha512-BvE/TwpZX4FXExxOxZyRGQQv651MSwmWKZGqvmPcRIjDqWub67kTKuIMx43cZZrS/cBBzwBcNDWoFxt2XEFIpQ=="
    },
    "shebang-command": {
      "version": "1.2.0",
      "resolved": "https://registry.npmjs.org/shebang-command/-/shebang-command-1.2.0.tgz",
      "integrity": "sha1-RKrGW2lbAzmJaMOfNj/uXer98eo=",
      "dev": true,
      "requires": {
        "shebang-regex": "^1.0.0"
      }
    },
    "shebang-regex": {
      "version": "1.0.0",
      "resolved": "https://registry.npmjs.org/shebang-regex/-/shebang-regex-1.0.0.tgz",
      "integrity": "sha1-2kL0l0DAtC2yypcoVxyxkMmO/qM=",
      "dev": true
    },
    "shimmer": {
      "version": "1.2.1",
      "resolved": "https://registry.npmjs.org/shimmer/-/shimmer-1.2.1.tgz",
      "integrity": "sha512-sQTKC1Re/rM6XyFM6fIAGHRPVGvyXfgzIDvzoq608vM+jeyVD0Tu1E6Np0Kc2zAIFWIj963V2800iF/9LPieQw=="
    },
    "signal-exit": {
      "version": "3.0.2",
      "resolved": "https://registry.npmjs.org/signal-exit/-/signal-exit-3.0.2.tgz",
      "integrity": "sha1-tf3AjxKH6hF4Yo5BXiUTK3NkbG0=",
      "integrity": "sha1-tf3AjxKH6hF4Yo5BXiUTK3NkbG0=",
      "dev": true
    },
    "slice-ansi": {
      "version": "1.0.0",
      "resolved": "https://registry.npmjs.org/slice-ansi/-/slice-ansi-1.0.0.tgz",
      "integrity": "sha512-POqxBK6Lb3q6s047D/XsDVNPnF9Dl8JSaqe9h9lURl0OdNqy/ujDrOiIHtsqXMGbWWTIomRzAMaTyawAU//Reg==",
      "dev": true,
      "requires": {
        "is-fullwidth-code-point": "^2.0.0"
      }
    },
    "source-map": {
      "version": "0.6.1",
      "resolved": "https://registry.npmjs.org/source-map/-/source-map-0.6.1.tgz",
      "integrity": "sha512-UjgapumWlbMhkBgzT7Ykc5YXUT46F0iKu8SGXq0bcwP5dz/h0Plj6enJqjz1Zbq2l5WaqYnrVbwWOWMyF3F47g=="
    },
    "sprintf-js": {
      "version": "1.0.3",
      "resolved": "https://registry.npmjs.org/sprintf-js/-/sprintf-js-1.0.3.tgz",
      "integrity": "sha1-BOaSb2YolTVPPdAVIDYzuFcpfiw=",
      "dev": true
    },
    "sqlstring": {
      "version": "2.3.1",
      "resolved": "https://registry.npmjs.org/sqlstring/-/sqlstring-2.3.1.tgz",
      "integrity": "sha1-R1OT/56RR5rqYtyvDKPRSYOn+0A="
    },
    "statuses": {
      "version": "1.4.0",
      "resolved": "https://registry.npmjs.org/statuses/-/statuses-1.4.0.tgz",
      "integrity": "sha512-zhSCtt8v2NDrRlPQpCNtw/heZLtfUDqxBM1udqikb/Hbk52LK4nQSwr10u77iopCW5LsyHpuXS0GnEc48mLeew=="
    },
    "string-width": {
      "version": "1.0.2",
      "resolved": "https://registry.npmjs.org/string-width/-/string-width-1.0.2.tgz",
      "integrity": "sha1-EYvfW4zcUaKn5w0hHgfisLmxB9M=",
      "requires": {
        "code-point-at": "^1.0.0",
        "is-fullwidth-code-point": "^1.0.0",
        "strip-ansi": "^3.0.0",
        
      "version": "2.1.1",
      "resolved": "https://registry.npmjs.org/string-width/-/string-width-2.1.1.tgz",
      "integrity": "sha512-nOqH59deCq9SRHlxq1Aw85Jnt4w6KvLKqWVik6oA9ZklXLNIOlqg4F2yrT1MVaTjAqvVwdfeZ7w7aCvJD7ugkw==",
      "dev": true,
      "requires": {
        "is-fullwidth-code-point": "^2.0.0",
        "strip-ansi": "^4.0.0"
      }
    },
    "string_decoder": {
      "version": "1.1.1",
      "resolved": "https://registry.npmjs.org/string_decoder/-/string_decoder-1.1.1.tgz",
      "integrity": "sha512-n/ShnvDi6FHbbVfviro+WojiFzv+s8MPMHBczVePfUpDJLwoLT0ht1l4YwBCbi8pJAveEEdnkHyPyTP/mzRfwg==",
      "dev": true,
      "requires": {
        "safe-buffer": "~5.1.0"
      }
    },
    "strip-ansi": {
      "version": "3.0.1",
      "resolved": "https://registry.npmjs.org/strip-ansi/-/strip-ansi-3.0.1.tgz",
      "integrity": "sha1-ajhfuIU9lS1f8F0Oiq+UJ43GPc8=",
      "requires": {
        "ansi-regex": "^2.0.0",
      "version": "4.0.0",
      "resolved": "https://registry.npmjs.org/strip-ansi/-/strip-ansi-4.0.0.tgz",
      "integrity": "sha1-qEeQIusaw2iocTibY1JixQXuNo8=",
      "dev": true,
      "requires": {
        "ansi-regex": "^3.0.0"
      },
      "dependencies": {
        "ansi-regex": {
          "version": "3.0.0",
          "resolved": "https://registry.npmjs.org/ansi-regex/-/ansi-regex-3.0.0.tgz",
          "integrity": "sha1-7QMXwyIGT3lGbAKWa922Bas32Zg=",
          "dev": true
        }
      }
    },
    "strip-json-comments": {
      "version": "2.0.1",
      "resolved": "https://registry.npmjs.org/strip-json-comments/-/strip-json-comments-2.0.1.tgz",
      "integrity": "sha1-PFMZQukIwml8DsNEhYwobHygpgo="
    },
    "tar": {
      "version": "4.4.8",
      "resolved": "https://registry.npmjs.org/tar/-/tar-4.4.8.tgz",
      "integrity": "sha512-LzHF64s5chPQQS0IYBn9IN5h3i98c12bo4NCO7e0sGM2llXQ3p2FGC5sdENN4cTW48O915Sh+x+EXx7XW96xYQ==",
      "requires": {
        "chownr": "^1.1.1",
        "fs-minipass": "^1.2.5",
        "minipass": "^2.3.4",
        "minizlib": "^1.1.1",
        "mkdirp": "^0.5.0",
        "safe-buffer": "^5.1.2",
        "yallist": "^3.0.2"
      },
      "dependencies": {
        "yallist": {
          "version": "3.0.3",
          "resolved": "https://registry.npmjs.org/yallist/-/yallist-3.0.3.tgz",
          "integrity": "sha512-S+Zk8DEWE6oKpV+vI3qWkaK+jSbIK86pCwe2IF/xwIpQ8jEuxpw9NyaGjmp9+BoJv5FV2piqCDcoCtStppiq2A=="
        }
      }
    },
      "integrity": "sha1-PFMZQukIwml8DsNEhYwobHygpgo=",
      "dev": true
    },
    "superagent": {
      "version": "3.8.3",
      "resolved": "https://registry.npmjs.org/superagent/-/superagent-3.8.3.tgz",
      "integrity": "sha512-GLQtLMCoEIK4eDv6OGtkOoSMt3D+oq0y3dsxMuYuDvaNUvuT8eFBuLmfR0iYYzHC1e8hpzC6ZsxbuP6DIalMFA==",
      "dev": true,
      "requires": {
        "component-emitter": "^1.2.0",
        "cookiejar": "^2.1.0",
        "debug": "^3.1.0",
        "extend": "^3.0.0",
        "form-data": "^2.3.1",
        "formidable": "^1.2.0",
        "methods": "^1.1.1",
        "mime": "^1.4.1",
        "qs": "^6.5.1",
        "readable-stream": "^2.3.5"
      },
      "dependencies": {
        "debug": {
          "version": "3.2.6",
          "resolved": "https://registry.npmjs.org/debug/-/debug-3.2.6.tgz",
          "integrity": "sha512-mel+jf7nrtEl5Pn1Qx46zARXKDpBbvzezse7p7LqINmdoIk8PYP5SySaxEmYv6TZ0JyEKA1hsCId6DIhgITtWQ==",
          "dev": true,
          "requires": {
            "ms": "^2.1.1"
          }
        },
        "ms": {
          "version": "2.1.1",
          "resolved": "https://registry.npmjs.org/ms/-/ms-2.1.1.tgz",
          "integrity": "sha512-tgp+dl5cGk28utYktBsrFqA7HKgrhgPsg6Z/EfhWI4gl1Hwq8B/GmY/0oXZ6nF8hDVesS/FpnYaD/kOWhYQvyg==",
          "dev": true
        }
      }
    },
    "supports-color": {
      "version": "2.0.0",
      "resolved": "https://registry.npmjs.org/supports-color/-/supports-color-2.0.0.tgz",
      "integrity": "sha1-U10EXOa2Nj+kARcIRimZXp3zJMc=",
      "dev": true
    },
    "table": {
      "version": "4.0.2",
      "resolved": "https://registry.npmjs.org/table/-/table-4.0.2.tgz",
      "integrity": "sha512-UUkEAPdSGxtRpiV9ozJ5cMTtYiqz7Ni1OGqLXRCynrvzdtR1p+cfOWe2RJLwvUG8hNanaSRjecIqwOjqeatDsA==",
      "dev": true,
      "requires": {
        "ajv": "^5.2.3",
        "ajv-keywords": "^2.1.0",
        "chalk": "^2.1.0",
        "lodash": "^4.17.4",
        "slice-ansi": "1.0.0",
        "string-width": "^2.1.1"
      }
    },
    "terraformer": {
      "version": "1.0.9",
      "resolved": "https://registry.npmjs.org/terraformer/-/terraformer-1.0.9.tgz",
      "integrity": "sha512-YlmQ1fsMWTkKGDGibCRWgmLzrpDRUr63Q025LJ/taYQ6j1Yb8q9McKF7NBi6ACAyUXO6F/bl9w6v4MY307y5Ag==",
      "requires": {
        "@types/geojson": "^1.0.0"
      }
    },
    "terraformer-wkt-parser": {
      "version": "1.2.0",
      "resolved": "https://registry.npmjs.org/terraformer-wkt-parser/-/terraformer-wkt-parser-1.2.0.tgz",
      "integrity": "sha512-QU3iA54St5lF8Za1jg1oj4NYc8sn5tCZ08aNSWDeGzrsaV48eZk1iAVWasxhNspYBoCqdHuoot1pUTUrE1AJ4w==",
      "requires": {
        "@types/geojson": "^1.0.0",
        "terraformer": "~1.0.5"
      }
    },
    "text-table": {
      "version": "0.2.0",
      "resolved": "https://registry.npmjs.org/text-table/-/text-table-0.2.0.tgz",
      "integrity": "sha1-f17oI66AUgfACvLfSoTsP8+lcLQ=",
      "dev": true
    },
    "through": {
      "version": "2.3.8",
      "resolved": "https://registry.npmjs.org/through/-/through-2.3.8.tgz",
      "integrity": "sha1-DdTJ/6q8NXlgsbckEV1+Doai4fU=",
      "dev": true
    },
    "tmp": {
      "version": "0.0.33",
      "resolved": "https://registry.npmjs.org/tmp/-/tmp-0.0.33.tgz",
      "integrity": "sha512-jRCJlojKnZ3addtTOjdIqoRuPEKBvNXcGYqzO6zWZX8KfKEpnGY5jfggJQ3EjKuu8D4bJRr0y+cYJFmYbImXGw==",
      "dev": true,
      "requires": {
        "os-tmpdir": "~1.0.2"
      }
    },
    "toposort-class": {
      "version": "1.0.1",
      "resolved": "https://registry.npmjs.org/toposort-class/-/toposort-class-1.0.1.tgz",
      "integrity": "sha1-f/0feMi+KMO6Rc1OGj9e4ZO9mYg="
    },
    "type-check": {
      "version": "0.3.2",
      "resolved": "https://registry.npmjs.org/type-check/-/type-check-0.3.2.tgz",
      "integrity": "sha1-WITKtRLPHTVeP7eE8wgEsrUg23I=",
      "dev": true,
      "requires": {
        "prelude-ls": "~1.1.2"
      }
    },
    "type-detect": {
      "version": "4.0.8",
      "resolved": "https://registry.npmjs.org/type-detect/-/type-detect-4.0.8.tgz",
      "integrity": "sha512-0fr/mIH1dlO+x7TlcMy+bIDqKPsw/70tVyeHW787goQjhmqaZe10uwLujubK9q9Lg6Fiho1KUKDYz0Z7k7g5/g==",
      "dev": true
    },
    "type-is": {
      "version": "1.6.16",
      "resolved": "https://registry.npmjs.org/type-is/-/type-is-1.6.16.tgz",
      "integrity": "sha512-HRkVv/5qY2G6I8iab9cI7v1bOIdhm94dVjQCPFElW9W+3GeDOSHmy2EBYe4VTApuzolPcmgFTN3ftVJRKR2J9Q==",
      "requires": {
        "media-typer": "0.3.0",
        "mime-types": "~2.1.18"
      }
    },
    "typedarray": {
      "version": "0.0.6",
      "resolved": "https://registry.npmjs.org/typedarray/-/typedarray-0.0.6.tgz",
      "integrity": "sha1-hnrHTjhkGHsdPUfZlqeOxciDB3c=",
      "dev": true
    },
    "uglify-js": {
      "version": "3.5.4",
      "resolved": "https://registry.npmjs.org/uglify-js/-/uglify-js-3.5.4.tgz",
      "integrity": "sha512-GpKo28q/7Bm5BcX9vOu4S46FwisbPbAmkkqPnGIpKvKTM96I85N6XHQV+k4I6FA2wxgLhcsSyHoNhzucwCflvA==",
      "optional": true,
      "requires": {
        "commander": "~2.20.0",
        "source-map": "~0.6.1"
      }
    },
    "unpipe": {
      "version": "1.0.0",
      "resolved": "https://registry.npmjs.org/unpipe/-/unpipe-1.0.0.tgz",
      "integrity": "sha1-sr9O6FFKrmFltIF4KdIbLvSZBOw="
    },
    "util-deprecate": {
      "version": "1.0.2",
      "resolved": "https://registry.npmjs.org/util-deprecate/-/util-deprecate-1.0.2.tgz",
      "integrity": "sha1-RQ1Nyfpw3nMnYvvS1KKJgUGaDM8=",
      "integrity": "sha1-RQ1Nyfpw3nMnYvvS1KKJgUGaDM8=",
      "dev": true
    },
    "utils-merge": {
      "version": "1.0.1",
      "resolved": "https://registry.npmjs.org/utils-merge/-/utils-merge-1.0.1.tgz",
      "integrity": "sha1-n5VxD1CiZ5R7LMwSR0HBAoQn5xM="
    },
    "uuid": {
      "version": "3.3.2",
      "resolved": "https://registry.npmjs.org/uuid/-/uuid-3.3.2.tgz",
      "integrity": "sha512-yXJmeNaw3DnnKAOKJE51sL/ZaYfWJRl1pK9dr19YFCu0ObS231AB1/LbqTKRAQ5kw8A90rA6fr4riOUpTZvQZA=="
    },
    "validator": {
      "version": "10.11.0",
      "resolved": "https://registry.npmjs.org/validator/-/validator-10.11.0.tgz",
      "integrity": "sha512-X/p3UZerAIsbBfN/IwahhYaBbY68EN/UQBWHtsbXGT5bfrH/p4NQzUCG1kF/rtKaNpnJ7jAu6NGTdSNtyNIXMw=="
    },
    "vary": {
      "version": "1.1.2",
      "resolved": "https://registry.npmjs.org/vary/-/vary-1.1.2.tgz",
      "integrity": "sha1-IpnwLG3tMNSllhsLn3RSShj2NPw="
    },
    "wide-align": {
      "version": "1.1.3",
      "resolved": "https://registry.npmjs.org/wide-align/-/wide-align-1.1.3.tgz",
      "integrity": "sha512-QGkOQc8XL6Bt5PwnsExKBPuMKBxnGxWWW3fU55Xt4feHozMUhdUMaBCk290qpm/wG5u/RSKzwdAC4i51YigihA==",
      "requires": {
        "string-width": "^1.0.2 || 2",
    "which": {
      "version": "1.3.1",
      "resolved": "https://registry.npmjs.org/which/-/which-1.3.1.tgz",
      "integrity": "sha512-HxJdYWq1MTIQbJ3nw0cqssHoTNU267KlrDuGZ1WYlxDStUtKUhOaJmh112/TZmHxxUfuJqPXSOm7tDyas0OSIQ==",
      "dev": true,
      "requires": {
        "isexe": "^2.0.0"
      }
    },
    "wkx": {
      "version": "0.4.6",
      "resolved": "https://registry.npmjs.org/wkx/-/wkx-0.4.6.tgz",
      "integrity": "sha512-LHxXlzRCYQXA9ZHgs8r7Gafh0gVOE8o3QmudM1PIkOdkXXjW7Thcl+gb2P2dRuKgW8cqkitCRZkkjtmWzpHi7A==",
      "requires": {
        "@types/node": "*"
      }
    },
    "wordwrap": {
      "version": "0.0.3",
      "resolved": "https://registry.npmjs.org/wordwrap/-/wordwrap-0.0.3.tgz",
      "integrity": "sha1-o9XabNXAvAAI03I0u68b7WMFkQc="
    },
    "wrappy": {
      "version": "1.0.2",
      "resolved": "https://registry.npmjs.org/wrappy/-/wrappy-1.0.2.tgz",
      "integrity": "sha1-tSQ9jz7BqjXxNkYFvA0QNuMKtp8="
    },
    "write": {
      "version": "0.2.1",
      "resolved": "https://registry.npmjs.org/write/-/write-0.2.1.tgz",
      "integrity": "sha1-X8A4KOJkzqP+kUVUdvejxWbLB1c=",
      "dev": true,
      "requires": {
        "mkdirp": "^0.5.1"
      }
    },
    "yallist": {
      "version": "2.1.2",
      "resolved": "https://registry.npmjs.org/yallist/-/yallist-2.1.2.tgz",
      "integrity": "sha1-HBH5IY8HYImkfdUS+TxmmaaoHVI="
    }
  }
}
